shot_id,sequence_id,duration_seconds,dramatic_stage,dramatic_beat,visual_subtext,composition,camera,camera_psychology,screen_action,sound_detail,sound_perspective,cut_motivation,continuity_anchor,transition_role,religious_visual_safety,master_lock_status
ADAM-DC2-S01-SH01,ADAM-SEQUENCE-01,8,entry,إلقاء المشاهد داخل نظام كوني قبل فهمه,الكون أسبق من تفسير المشاهد,امتداد بازلتي أسود تحت سماء بلا نجوم؛ غبار دقيق معلق في الهواء.,عدسة عريضة على مستوى الأرض، زحف بطيء نحو فراغ في الأفق.,الحركة تخدم «إلقاء المشاهد داخل نظام كوني قبل فهمه»؛ أي حركة لا تغيّر الإدراك أو الضغط تُرفض.,تهبط موجة ضغط فوق السهل فتسكن الذرات دفعة واحدة.,نبضة عميقة، احتكاك حجر، ثم فراغ صوتي.,الصوت يبدأ من مادة اللقطة (نبضة عميقة، احتكاك حجر، ثم فراغ صوتي.) ثم يفتح أو يضغط المقياس.,يحدث القطع عند اكتمال التحول داخل الكادر أو انتقال ذيل الصوت، لا عند انتهاء مدة اعتباطية.,الحافة البازلتية والنغمة الشاذة,إلقاء المشاهد مباشرة داخل لحظة أمر كوني بلا كشف الشخصيات.,بيئة مادية مجردة؛ لا تمثيل لذات غيبية.,READY_FOR_HUMAN_STORYBOARD_REVIEW
ADAM-DC2-S01-SH02,ADAM-SEQUENCE-01,12,reveal,إظهار اكتمال الامتثال في حركة واحدة,الطاعة لا تحتاج ضجيجًا لتكون عظيمة,صفوف هائلة من أعمدة الغبار والضوء تمتد خارج حدود الكادر.,رافعة منخفضة تعبر بين الصفوف قبل أن ترتفع.,الحركة تخدم «إظهار اكتمال الامتثال في حركة واحدة»؛ أي حركة لا تغيّر الإدراك أو الضغط تُرفض.,تنخفض الصفوف في حركة واحدة كأن الجاذبية تبدلت.,اندفاع هواء جماعي يتبعه ارتطام مكتوم.,الصوت يبدأ من مادة اللقطة (اندفاع هواء جماعي يتبعه ارتطام مكتوم.) ثم يفتح أو يضغط المقياس.,يحدث القطع عند اكتمال التحول داخل الكادر أو انتقال ذيل الصوت، لا عند انتهاء مدة اعتباطية.,الحافة البازلتية والنغمة الشاذة,ترجمة السجود كحدث ذي مقياس ملحمي لا كأجساد مرئية.,الأعمدة ليست ملائكة ولا أشكالًا حية.,READY_FOR_HUMAN_STORYBOARD_REVIEW
ADAM-DC2-S01-SH03,ADAM-SEQUENCE-01,12,pressure,كشف الاستثناء بوصفه خللًا في النظام,الكبر يبدأ من وقفة تبدو صغيرة,حافة صخرية وحيدة تبقى مرتفعة بعد انخفاض المشهد كله.,دوران بطيء حول الحافة مع خلفية واسعة من السكون.,الحركة تخدم «كشف الاستثناء بوصفه خللًا في النظام»؛ أي حركة لا تغيّر الإدراك أو الضغط تُرفض.,يتصاعد منها بخار حراري دقيق خلاف اتجاه الريح.,نغمة حادة واحدة ترفض الانسجام.,الصوت يبدأ من مادة اللقطة (نغمة حادة واحدة ترفض الانسجام.) ثم يفتح أو يضغط المقياس.,يحدث القطع عند اكتمال التحول داخل الكادر أو انتقال ذيل الصوت، لا عند انتهاء مدة اعتباطية.,الحافة البازلتية والنغمة الشاذة,كشف الاستثناء قبل ذكر الاسم.,الحافة رمز للرفض وليست إبليس.,READY_FOR_HUMAN_STORYBOARD_REVIEW
ADAM-DC2-S01-SH04,ADAM-SEQUENCE-01,13,turn,ربط الخلل بمسار التاريخ البشري,أثر الاختيار أطول من لحظته,طريق ضوء يخترق صحارى وبحارًا ومدنًا بشرية بعيدة عبر عصور متتابعة.,اندفاع جوي سريع يتباطأ عند كل أثر إنساني ثم يواصل.,الحركة تخدم «ربط الخلل بمسار التاريخ البشري»؛ أي حركة لا تغيّر الإدراك أو الضغط تُرفض.,يمتد ظل الحافة بمحاذاة الطريق من دون أن يغطيه كاملًا.,طبول بعيدة، وقع خطوات بشرية، أصوات أسواق وحروب غير محددة.,الصوت يبدأ من مادة اللقطة (طبول بعيدة، وقع خطوات بشرية، أصوات أسواق وحروب غير محددة.) ثم يفتح أو يضغط المقياس.,يحدث القطع عند اكتمال التحول داخل الكادر أو انتقال ذيل الصوت، لا عند انتهاء مدة اعتباطية.,الحافة البازلتية والنغمة الشاذة,ربط الوقوف الأول بتاريخ الاختيار الإنساني.,الظلال والمجتمعات غير منسوبة إلى واقعة تاريخية محددة.,READY_FOR_HUMAN_STORYBOARD_REVIEW
ADAM-DC2-S01-SH05,ADAM-SEQUENCE-01,10,bridge,سحب الزمن إلى الطين السابق للحكاية,كل نار في القصة ستعود إلى الطين,السواد يبتلع الطريق، ويظهر عنوان «سراج» من شق ضوء رفيع.,ثبات كامل مع اقتراب بصري طفيف عبر تغير البؤرة.,الحركة تخدم «سحب الزمن إلى الطين السابق للحكاية»؛ أي حركة لا تغيّر الإدراك أو الضغط تُرفض.,يتحول الشق إلى أثر طين رطب يحمل عنوان الحلقة.,اكتمال الموتيف بثلاث نغمات ثم نفس طويل.,الصوت يبدأ من مادة اللقطة (اكتمال الموتيف بثلاث نغمات ثم نفس طويل.) ثم يفتح أو يضغط المقياس.,يحدث القطع عند اكتمال التحول داخل الكادر أو انتقال ذيل الصوت، لا عند انتهاء مدة اعتباطية.,الحافة البازلتية والنغمة الشاذة,الانتقال من النتيجة إلى أصل الحكاية.,عنوان فقط.,READY_FOR_HUMAN_STORYBOARD_REVIEW
ADAM-DC2-S02-SH01,ADAM-SEQUENCE-02,10,entry,تفكيك العالم المألوف إلى أثر,الحضارة نتيجة لا بداية,الطريق نفسه يندفع إلى الخلف؛ مدن وتضاريس تتراجع حتى تختفي آثار البشر.,حركة عكسية عالية السرعة تنتهي فوق أرض لم تطأها قدم.,الحركة تخدم «تفكيك العالم المألوف إلى أثر»؛ أي حركة لا تغيّر الإدراك أو الضغط تُرفض.,تعود الجدران حجرًا، والطرق ترابًا، والنار إلى شرارة.,أصوات الحضارة تُسحب عكسيًا حتى يبقى صوت الريح.,الصوت يبدأ من مادة اللقطة (أصوات الحضارة تُسحب عكسيًا حتى يبقى صوت الريح.) ثم يفتح أو يضغط المقياس.,يحدث القطع عند اكتمال التحول داخل الكادر أو انتقال ذيل الصوت، لا عند انتهاء مدة اعتباطية.,المطر الذي يمحو آثار الحضارة,إعادة الزمن من الصراع إلى ما قبل الإنسان.,مونتاج زمني رمزي بلا ادعاء تفاصيل تاريخية.,READY_FOR_HUMAN_STORYBOARD_REVIEW
ADAM-DC2-S02-SH02,ADAM-SEQUENCE-02,15,reveal,العودة عبر الزمن بدل شرحه,كل أثر بشري يمكن أن يعود إلى التراب,أرض بدئية واسعة، سلاسل جبلية وماء يلتقيان تحت سحب ثقيلة.,طيران بطيء فوق التضاريس ثم هبوط إلى مستوى الطين.,الحركة تخدم «العودة عبر الزمن بدل شرحه»؛ أي حركة لا تغيّر الإدراك أو الضغط تُرفض.,المطر يضرب الأرض للمرة الأولى داخل المشهد.,رعد بعيد ومطر ثقيل.,الصوت يبدأ من مادة اللقطة (رعد بعيد ومطر ثقيل.) ثم يفتح أو يضغط المقياس.,يحدث القطع عند اكتمال التحول داخل الكادر أو انتقال ذيل الصوت، لا عند انتهاء مدة اعتباطية.,المطر الذي يمحو آثار الحضارة,تحويل السؤال إلى عالم ملموس لا إلى خطاب منهجي.,تصوير طبيعي عام لا يحدد كيفية الخلق.,READY_FOR_HUMAN_STORYBOARD_REVIEW
ADAM-DC2-S02-SH03,ADAM-SEQUENCE-02,16,pressure,كشف الأرض قبل الإنسان,المكان ينتظر صاحبه قبل ظهوره,الماء يدخل شقوق التراب ويصنع طبقات طين متفاوتة.,ماكرو متحرك داخل الأخاديد الدقيقة.,الحركة تخدم «كشف الأرض قبل الإنسان»؛ أي حركة لا تغيّر الإدراك أو الضغط تُرفض.,تتشكل دوامة صغيرة ثم تستقر.,قطرات مكبرة واحتكاك حبيبات.,الصوت يبدأ من مادة اللقطة (قطرات مكبرة واحتكاك حبيبات.) ثم يفتح أو يضغط المقياس.,يحدث القطع عند اكتمال التحول داخل الكادر أو انتقال ذيل الصوت، لا عند انتهاء مدة اعتباطية.,المطر الذي يمحو آثار الحضارة,زرع مادة آدم قبل ذكرها.,لا هيئة بشرية.,READY_FOR_HUMAN_STORYBOARD_REVIEW
ADAM-DC2-S02-SH04,ADAM-SEQUENCE-02,15,turn,تقديم الطين بوصفه حامل المفارقة,الضعف المادي لا يحدد القيمة,الأرض من المدار، ثم ومضات غير قطعية لحقول وجسور وبيوت وخرائب على سطحها المستقبلي.,اقتراب مداري يتخلله مونتاج قصير داخل تضاريس الأرض.,الحركة تخدم «تقديم الطين بوصفه حامل المفارقة»؛ أي حركة لا تغيّر الإدراك أو الضغط تُرفض.,يظهر البناء والخراب كاحتمالات متعاقبة لا كنبوءة تفصيلية.,صدى مطارق وماء ونار وأصوات بشرية بعيدة.,الصوت يبدأ من مادة اللقطة (صدى مطارق وماء ونار وأصوات بشرية بعيدة.) ثم يفتح أو يضغط المقياس.,يحدث القطع عند اكتمال التحول داخل الكادر أو انتقال ذيل الصوت، لا عند انتهاء مدة اعتباطية.,المطر الذي يمحو آثار الحضارة,تجسيد ثقل دور الخليفة قبل الإعلان.,صور احتمالية عامة بلا أشخاص أو أحداث محددة.,READY_FOR_HUMAN_STORYBOARD_REVIEW
ADAM-DC2-S02-SH05,ADAM-SEQUENCE-02,15,bridge,فتح سؤال التكريم والعداوة,السؤال أقوى من الإعلان التفسيري,أفق الأرض يظلم، ويظهر العنوان «آدم: التكريم والاختبار».,عدسة طويلة ثابتة على أول ضوء فوق الأفق.,الحركة تخدم «فتح سؤال التكريم والعداوة»؛ أي حركة لا تغيّر الإدراك أو الضغط تُرفض.,يمر خط ضوء من العنوان إلى سطح ماء أسود.,ضربة إطار واحدة تتصل بصوت الماء.,الصوت يبدأ من مادة اللقطة (ضربة إطار واحدة تتصل بصوت الماء.) ثم يفتح أو يضغط المقياس.,يحدث القطع عند اكتمال التحول داخل الكادر أو انتقال ذيل الصوت، لا عند انتهاء مدة اعتباطية.,المطر الذي يمحو آثار الحضارة,الدخول إلى ما قبل الخلق.,عنوان فقط.,READY_FOR_HUMAN_STORYBOARD_REVIEW
ADAM-DC2-S03-SH01,ADAM-SEQUENCE-03,12,entry,تثبيت السكون البدئي,القصة تدخل كونًا له نظام,محيط أسود هائل بلا شاطئ، يلتقي بسواد السماء في أفق يكاد يختفي.,انزلاق منخفض فوق الماء مع حركة أمواج بطيئة ضخمة.,الحركة تخدم «تثبيت السكون البدئي»؛ أي حركة لا تغيّر الإدراك أو الضغط تُرفض.,تتسع موجة واحدة حتى تتجاوز الكادر.,ضغط مائي عميق دون موسيقى.,الصوت يبدأ من مادة اللقطة (ضغط مائي عميق دون موسيقى.) ثم يفتح أو يضغط المقياس.,يحدث القطع عند اكتمال التحول داخل الكادر أو انتقال ذيل الصوت، لا عند انتهاء مدة اعتباطية.,الماء والخط المكتوب,افتتاح الحقائق الكونية بمشهد مادي مهيب.,لا تصوير للعرش أو للخالق.,READY_FOR_HUMAN_STORYBOARD_REVIEW
ADAM-DC2-S03-SH02,ADAM-SEQUENCE-03,18,reveal,تحويل الكتابة إلى حركة قدر,المكتوب لا يعني غياب الاختيار,مسار حبر مضيء يكتب نفسه في فضاء مظلم، بلا يد ولا أداة مرئية.,تتبع قريب للمسار ثم انسحاب يكشف امتداده اللامتناهي.,الحركة تخدم «تحويل الكتابة إلى حركة قدر»؛ أي حركة لا تغيّر الإدراك أو الضغط تُرفض.,ينقسم المسار إلى آلاف الخطوط الزمنية المتوازية.,خدش قلم مضخم يمتزج بنبض منتظم.,الصوت يبدأ من مادة اللقطة (خدش قلم مضخم يمتزج بنبض منتظم.) ثم يفتح أو يضغط المقياس.,يحدث القطع عند اكتمال التحول داخل الكادر أو انتقال ذيل الصوت، لا عند انتهاء مدة اعتباطية.,الماء والخط المكتوب,تجسيد أثر الكتابة مع إبقاء الكيفية غيبية.,القلم وأمره يُعبَّر عنهما بالأثر لا بمشهد شخصي.,READY_FOR_HUMAN_STORYBOARD_REVIEW
ADAM-DC2-S03-SH03,ADAM-SEQUENCE-03,18,pressure,اتساع الخط إلى كون مادي,الاتساع الكوني يخدم رحلة الإنسان,الخطوط تتحول إلى مجرات وسدم ثم إلى طبقات سماء وأرض.,اندفاع كوني واسع ينتهي عند كوكب الأرض.,الحركة تخدم «اتساع الخط إلى كون مادي»؛ أي حركة لا تغيّر الإدراك أو الضغط تُرفض.,تتكاثف المادة ويظهر الضوء من خلف الغبار.,اتساع محيطي ثم هدير منخفض.,الصوت يبدأ من مادة اللقطة (اتساع محيطي ثم هدير منخفض.) ثم يفتح أو يضغط المقياس.,يحدث القطع عند اكتمال التحول داخل الكادر أو انتقال ذيل الصوت، لا عند انتهاء مدة اعتباطية.,الماء والخط المكتوب,الانتقال من المقادير إلى خلق العالم.,تصوير كوني تقريبي لا يزعم الكيفية.,READY_FOR_HUMAN_STORYBOARD_REVIEW
ADAM-DC2-S03-SH04,ADAM-SEQUENCE-03,18,turn,تمييز النور والنار بلا تجسيد,اختلاف الأصل لا يمنح رتبة أخلاقية,واديان متجاوران: أحدهما يغمره نور بلا مصدر مرئي، والآخر تعبره ألسنة نار بلا كائنات.,حركة موازية بين الواديين مع عمق ميداني طويل.,الحركة تخدم «تمييز النور والنار بلا تجسيد»؛ أي حركة لا تغيّر الإدراك أو الضغط تُرفض.,ينتظم الضوء بينما تتشعب النار، وتنفصل منها شرارة بعيدة.,همهمة هوائية واحتراق مكتوم.,الصوت يبدأ من مادة اللقطة (همهمة هوائية واحتراق مكتوم.) ثم يفتح أو يضغط المقياس.,يحدث القطع عند اكتمال التحول داخل الكادر أو انتقال ذيل الصوت، لا عند انتهاء مدة اعتباطية.,الماء والخط المكتوب,الإشارة إلى أصل خلق الملائكة والجن.,لا أجساد أو هيئات للملائكة أو الجن أو إبليس.,READY_FOR_HUMAN_STORYBOARD_REVIEW
ADAM-DC2-S03-SH05,ADAM-SEQUENCE-03,18,bridge,ترك الأرض تنتظر الإعلان,الاحتمال التفسيري يبقى في طرف الصورة,الأرض تملأ الكادر، وفوق أحد أطرافها ظل حراري غير محدد يبقى بعيدًا.,اقتراب بطيء إلى الغلاف الجوي ثم توقف.,الحركة تخدم «ترك الأرض تنتظر الإعلان»؛ أي حركة لا تغيّر الإدراك أو الضغط تُرفض.,تذوب الشرارة في حافة الصورة بينما يشرق خط فوق الأرض.,صمت قصير ثم نغمة انتظار.,الصوت يبدأ من مادة اللقطة (صمت قصير ثم نغمة انتظار.) ثم يفتح أو يضغط المقياس.,يحدث القطع عند اكتمال التحول داخل الكادر أو انتقال ذيل الصوت، لا عند انتهاء مدة اعتباطية.,الماء والخط المكتوب,نقل القصة من الكون إلى إعلان الخليفة.,الظل احتمال تفسيري لا حضور مقطوع به.,READY_FOR_HUMAN_STORYBOARD_REVIEW
ADAM-DC2-S04-SH01,ADAM-SEQUENCE-04,18,entry,جعل الأرض موضوع انتظار,الخلافة تكليف قبل أن تكون مكانة,الأرض من ارتفاع شاهق؛ قارات ومياه وسحب في حركة هادئة.,هبوط محوري من المدار إلى سهل واسع.,الحركة تخدم «جعل الأرض موضوع انتظار»؛ أي حركة لا تغيّر الإدراك أو الضغط تُرفض.,تظهر الآية فوق الأفق ثم تتلاشى داخل الضوء.,نبض أرضي عميق وصوت ريح واسعة.,الصوت يبدأ من مادة اللقطة (نبض أرضي عميق وصوت ريح واسعة.) ثم يفتح أو يضغط المقياس.,يحدث القطع عند اكتمال التحول داخل الكادر أو انتقال ذيل الصوت، لا عند انتهاء مدة اعتباطية.,الأرض والغبار المستقبلي,جعل الإعلان فعلًا يبدل معنى الأرض.,النص القرآني بصوت الراوي بلا تجسيد للمتكلم.,READY_FOR_HUMAN_STORYBOARD_REVIEW
ADAM-DC2-S04-SH02,ADAM-SEQUENCE-04,24,reveal,إظهار إمكان العمران والفساد,الإنسان يحمل نقيضين ممكنين,السهل نفسه يعبر الزمن: قنوات ماء، حقول، جسور، ثم دخان وخرائب، بلا تثبيت عصر بعينه.,لقطة طويلة متحولة تحفظ موقع الكاميرا وتغير العالم أمامها.,الحركة تخدم «إظهار إمكان العمران والفساد»؛ أي حركة لا تغيّر الإدراك أو الضغط تُرفض.,تتعاقب آثار العمران والفساد كاحتمالات من ذرية واحدة.,ماء وأدوات وبشر بعيدون، ثم نار وصمت.,الصوت يبدأ من مادة اللقطة (ماء وأدوات وبشر بعيدون، ثم نار وصمت.) ثم يفتح أو يضغط المقياس.,يحدث القطع عند اكتمال التحول داخل الكادر أو انتقال ذيل الصوت، لا عند انتهاء مدة اعتباطية.,الأرض والغبار المستقبلي,إظهار اتساع الاختيار الإنساني.,لا نسبة لأحداث أو أمم محددة.,READY_FOR_HUMAN_STORYBOARD_REVIEW
ADAM-DC2-S04-SH03,ADAM-SEQUENCE-04,28,pressure,رفع سؤال الملائكة بلا تجسيد,السؤال الصادق لا يساوي التمرد,سماء واسعة تنعكس فيها دوائر ضوء على سطح الماء، من دون أشكال.,دوران بطيء حول الانعكاسات مع بقاء الأرض في العمق.,الحركة تخدم «رفع سؤال الملائكة بلا تجسيد»؛ أي حركة لا تغيّر الإدراك أو الضغط تُرفض.,تهتز الدوائر مع سؤال الملائكة ولا تنكسر.,تناغم كورالي بلا كلمات.,الصوت يبدأ من مادة اللقطة (تناغم كورالي بلا كلمات.) ثم يفتح أو يضغط المقياس.,يحدث القطع عند اكتمال التحول داخل الكادر أو انتقال ذيل الصوت، لا عند انتهاء مدة اعتباطية.,الأرض والغبار المستقبلي,رفع السؤال إلى مشهد مهيب غير تمثيلي.,الدوائر انعكاسات لا صور ملائكة.,READY_FOR_HUMAN_STORYBOARD_REVIEW
ADAM-DC2-S04-SH04,ADAM-SEQUENCE-04,26,turn,قطع الاحتمالات أمام العلم الإلهي,حدود العلم جزء من الحكمة,كل صور المستقبل تتوقف وتتجمد ثم تتفتت إلى غبار عند الجواب.,تراجع سريع من السهل إلى فراغ أسود.,الحركة تخدم «قطع الاحتمالات أمام العلم الإلهي»؛ أي حركة لا تغيّر الإدراك أو الضغط تُرفض.,يبقى نص ﴿إني أعلم ما لا تعلمون﴾ وحده.,قطع كامل للموسيقى ثم نفس واحد.,الصوت يبدأ من مادة اللقطة (قطع كامل للموسيقى ثم نفس واحد.) ثم يفتح أو يضغط المقياس.,يحدث القطع عند اكتمال التحول داخل الكادر أو انتقال ذيل الصوت، لا عند انتهاء مدة اعتباطية.,الأرض والغبار المستقبلي,تحويل الجواب إلى انعطاف لا تعليق.,نص قرآني فقط.,READY_FOR_HUMAN_STORYBOARD_REVIEW
ADAM-DC2-S04-SH05,ADAM-SEQUENCE-04,26,bridge,إسقاط غبار المستقبل إلى مادة الخلق,المستقبل كله يبدأ من قبضة تراب,الغبار المتفتت يهبط على أرض رطبة ويتحول إلى طبقة تراب حقيقية.,متابعة ماكرو للحبيبات حتى تلامس الماء.,الحركة تخدم «إسقاط غبار المستقبل إلى مادة الخلق»؛ أي حركة لا تغيّر الإدراك أو الضغط تُرفض.,تتجمع الحبيبات وتشتد حول شق عميق.,احتكاك حبيبات يصبح إيقاعًا عضويًا.,الصوت يبدأ من مادة اللقطة (احتكاك حبيبات يصبح إيقاعًا عضويًا.) ثم يفتح أو يضغط المقياس.,يحدث القطع عند اكتمال التحول داخل الكادر أو انتقال ذيل الصوت، لا عند انتهاء مدة اعتباطية.,الأرض والغبار المستقبلي,الدخول إلى الخلق من أثر الجواب.,مادة فقط بلا هيئة آدم.,READY_FOR_HUMAN_STORYBOARD_REVIEW
ADAM-DC2-S05-SH01,ADAM-SEQUENCE-05,18,entry,جمع ألوان الأرض في مادة واحدة,التعدد الأرضي يدخل أصل الإنسان,أخدود أرضي هائل يكشف طبقات تراب حمراء وسوداء وصفراء.,طيران منخفض بمحاذاة الجدران الطبقية.,الحركة تخدم «جمع ألوان الأرض في مادة واحدة»؛ أي حركة لا تغيّر الإدراك أو الضغط تُرفض.,تهطل الأمطار فتسحب الألوان إلى قاع واحد.,مطر ثقيل وانهيارات صغيرة.,الصوت يبدأ من مادة اللقطة (مطر ثقيل وانهيارات صغيرة.) ثم يفتح أو يضغط المقياس.,يحدث القطع عند اكتمال التحول داخل الكادر أو انتقال ذيل الصوت، لا عند انتهاء مدة اعتباطية.,الماء داخل الطين والرنين الجوفاء,منح أصل التراب مقياسًا جغرافيًا.,لا جسد بشري.,READY_FOR_HUMAN_STORYBOARD_REVIEW
ADAM-DC2-S05-SH02,ADAM-SEQUENCE-05,24,reveal,إظهار تحولات الطين بلا جدول تعليمي,الوصف أغنى من ترتيب متكلف,سيل ماء يخلط التراب إلى طين لاصب كثيف.,عدسة ماكرو تتبع حركة الماء داخل المادة.,الحركة تخدم «إظهار تحولات الطين بلا جدول تعليمي»؛ أي حركة لا تغيّر الإدراك أو الضغط تُرفض.,يلتف الطين ويقاوم ثم يستقر.,شد طيني وقطرات مكتومة.,الصوت يبدأ من مادة اللقطة (شد طيني وقطرات مكتومة.) ثم يفتح أو يضغط المقياس.,يحدث القطع عند اكتمال التحول داخل الكادر أو انتقال ذيل الصوت، لا عند انتهاء مدة اعتباطية.,الماء داخل الطين والرنين الجوفاء,إظهار التحول المادي بلا جدول زمني.,بطاقة بصرية: الأوصاف ثابتة وترتيبها التفصيلي غير مقطوع به.,READY_FOR_HUMAN_STORYBOARD_REVIEW
ADAM-DC2-S05-SH03,ADAM-SEQUENCE-05,28,pressure,الإيحاء بالتسوية من الداخل,الهيئة لا تُعرض كي يبقى المعنى,سطح طيني تحت شمس قاسية يتغير لونه ويتشقق حتى يصير كالفخار.,تايم لابس سينمائي من مستوى السطح.,الحركة تخدم «الإيحاء بالتسوية من الداخل»؛ أي حركة لا تغيّر الإدراك أو الضغط تُرفض.,تمر الظلال وتتبدل الرطوبة ويظهر الرنين.,ماء ينسحب ثم تشققات ورنين.,الصوت يبدأ من مادة اللقطة (ماء ينسحب ثم تشققات ورنين.) ثم يفتح أو يضغط المقياس.,يحدث القطع عند اكتمال التحول داخل الكادر أو انتقال ذيل الصوت، لا عند انتهاء مدة اعتباطية.,الماء داخل الطين والرنين الجوفاء,تجميع أوصاف القرآن داخل تحول حسي.,لا ادعاء مدة أو ترتيب محدد.,READY_FOR_HUMAN_STORYBOARD_REVIEW
ADAM-DC2-S05-SH04,ADAM-SEQUENCE-05,26,turn,كشف الجوف والضعف,الهشاشة جزء من تركيب الإنسان,داخل بنية طينية هائلة تشبه كهفًا عضويًا أجوف، بلا أطراف أو ملامح.,حركة دائرية بطيئة حول التجويف الداخلي.,الحركة تخدم «كشف الجوف والضعف»؛ أي حركة لا تغيّر الإدراك أو الضغط تُرفض.,يمر تيار حراري حول الجدران كأنه يتفحصها.,وقع دائري غير مرئي ورنين جوف.,الصوت يبدأ من مادة اللقطة (وقع دائري غير مرئي ورنين جوف.) ثم يفتح أو يضغط المقياس.,يحدث القطع عند اكتمال التحول داخل الكادر أو انتقال ذيل الصوت، لا عند انتهاء مدة اعتباطية.,الماء داخل الطين والرنين الجوفاء,ترجمة طواف إبليس ومعرفته بالجوف.,لا تصوير لآدم أو إبليس كجسد.,READY_FOR_HUMAN_STORYBOARD_REVIEW
ADAM-DC2-S05-SH05,ADAM-SEQUENCE-05,26,bridge,استشعار اقتراب الخصم قبل الحياة,العداوة تراقب الضعف قبل أن ترى العلم,ذرة غبار تهبط داخل التجويف وتظل معلقة في سكون كامل.,اقتراب طويل يتوقف قبل الذرة.,الحركة تخدم «استشعار اقتراب الخصم قبل الحياة»؛ أي حركة لا تغيّر الإدراك أو الضغط تُرفض.,تظهر على الجدار نبضة ضوء واحدة ثم تختفي.,صمت طويل ثم نبضة ناقصة.,الصوت يبدأ من مادة اللقطة (صمت طويل ثم نبضة ناقصة.) ثم يفتح أو يضغط المقياس.,يحدث القطع عند اكتمال التحول داخل الكادر أو انتقال ذيل الصوت، لا عند انتهاء مدة اعتباطية.,الماء داخل الطين والرنين الجوفاء,التوقف قبل نفخ الروح.,الضوء أثر درامي لا تصوير للروح.,READY_FOR_HUMAN_STORYBOARD_REVIEW
ADAM-DC2-S06-SH01,ADAM-SEQUENCE-06,18,entry,تحويل السكون إلى إدراك,الحياة أثر لا مادة مصورة,منظور أول داخل عتمة طينية؛ الضوء يتسرب من شقوق بعيدة.,تركيز بصري يتضح تدريجيًا مع ارتفاع الكاميرا.,الحركة تخدم «تحويل السكون إلى إدراك»؛ أي حركة لا تغيّر الإدراك أو الضغط تُرفض.,تتحرك ذرات الغبار مع أول تيار هواء.,نبضة مكتملة وشهيق بيئي واتساع المجال السمعي.,الصوت يبدأ من مادة اللقطة (نبضة مكتملة وشهيق بيئي واتساع المجال السمعي.) ثم يفتح أو يضغط المقياس.,يحدث القطع عند اكتمال التحول داخل الكادر أو انتقال ذيل الصوت، لا عند انتهاء مدة اعتباطية.,أول نبضة وأثر النفس,إظهار أثر الحياة من الداخل.,لا تصوير للروح أو لجسد آدم.,READY_FOR_HUMAN_STORYBOARD_REVIEW
ADAM-DC2-S06-SH02,ADAM-SEQUENCE-06,24,reveal,إدخال العالم عبر السمع والحركة,العالم يولد في الوعي لحظة بلحظة,وادي بدئي واسع، ماء وأشجار وصخور تُرى لأول مرة من منظور مستيقظ.,حركة عين بطيئة من الأرض إلى السماء ثم إلى الأفق.,الحركة تخدم «إدخال العالم عبر السمع والحركة»؛ أي حركة لا تغيّر الإدراك أو الضغط تُرفض.,تستجيب أوراق بعيدة لنسمة تمر في الوادي.,دخول أصوات الماء والطيور والريح طبقة طبقة.,الصوت يبدأ من مادة اللقطة (دخول أصوات الماء والطيور والريح طبقة طبقة.) ثم يفتح أو يضغط المقياس.,يحدث القطع عند اكتمال التحول داخل الكادر أو انتقال ذيل الصوت، لا عند انتهاء مدة اعتباطية.,أول نبضة وأثر النفس,تحويل الإدراك إلى اكتشاف عالم.,منظور بلا أطراف أو ملامح.,READY_FOR_HUMAN_STORYBOARD_REVIEW
ADAM-DC2-S06-SH03,ADAM-SEQUENCE-06,28,pressure,جعل الحمد أول استجابة واعية,أول الكلام اعتراف بالمنعم,موجة هواء قصيرة تعبر الماء وتولد دوائر تتسع مع كلمة «الحمد لله».,تتبع منخفض فوق سطح الماء.,الحركة تخدم «جعل الحمد أول استجابة واعية»؛ أي حركة لا تغيّر الإدراك أو الضغط تُرفض.,تتقاطع الدوائر مع ضوء الشمس وتملأ الوادي.,عطسة بعيدة غير مجسدة، ثم صوت الراوي بالحمد.,الصوت يبدأ من مادة اللقطة (عطسة بعيدة غير مجسدة، ثم صوت الراوي بالحمد.) ثم يفتح أو يضغط المقياس.,يحدث القطع عند اكتمال التحول داخل الكادر أو انتقال ذيل الصوت، لا عند انتهاء مدة اعتباطية.,أول نبضة وأثر النفس,جعل الكلمة الأولى أثرًا يملأ البيئة.,لا أداء ممثل لآدم.,READY_FOR_HUMAN_STORYBOARD_REVIEW
ADAM-DC2-S06-SH04,ADAM-SEQUENCE-06,26,turn,إظهار المقياس عبر البيئة,العظمة الجسدية لا تساوي الكرامة وحدها,ممر هائل بين أشجار وأقواس صخرية تكشف مقياسًا يتجاوز الإنسان المعتاد.,رفع عمودي طويل من مستوى الأرض إلى قمم شاهقة.,الحركة تخدم «إظهار المقياس عبر البيئة»؛ أي حركة لا تغيّر الإدراك أو الضغط تُرفض.,يمتد منظور الظل خارج الكادر دون أن يرسم هيئة.,رياح عالية وتردد منخفض.,الصوت يبدأ من مادة اللقطة (رياح عالية وتردد منخفض.) ثم يفتح أو يضغط المقياس.,يحدث القطع عند اكتمال التحول داخل الكادر أو انتقال ذيل الصوت، لا عند انتهاء مدة اعتباطية.,أول نبضة وأثر النفس,الإشارة إلى طول آدم بالبيئة لا بالجسد.,لا جسد أو ظل محدد الملامح.,READY_FOR_HUMAN_STORYBOARD_REVIEW
ADAM-DC2-S06-SH05,ADAM-SEQUENCE-06,26,bridge,فتح الصلة بالسلام,الإنسان يبدأ علاقته بالآخر بالسلام,فضاء مفتوح بين جبلين؛ موجة ضوء تتقدم من جهة وتعود أوسع من الجهة الأخرى.,حركة متقابلة تلتقي في منتصف الوادي.,الحركة تخدم «فتح الصلة بالسلام»؛ أي حركة لا تغيّر الإدراك أو الضغط تُرفض.,تظهر كلمات السلام ثم تتردد على الماء والصخر.,السلام بصوت الراوي وصدى طبيعي بلا أصوات شخصيات.,الصوت يبدأ من مادة اللقطة (السلام بصوت الراوي وصدى طبيعي بلا أصوات شخصيات.) ثم يفتح أو يضغط المقياس.,يحدث القطع عند اكتمال التحول داخل الكادر أو انتقال ذيل الصوت، لا عند انتهاء مدة اعتباطية.,أول نبضة وأثر النفس,إرساء التحية والانتقال إلى المعرفة.,لا تصوير أو أداء للملائكة.,READY_FOR_HUMAN_STORYBOARD_REVIEW
ADAM-DC2-S07-SH01,ADAM-SEQUENCE-07,18,entry,تفكيك العالم إلى أشياء محسوسة,المعرفة تبدأ من رؤية الفروق,منظور أول يسير عبر وادٍ تتجاور فيه مياه وصخور ونباتات وحيوانات بعيدة.,تتبع مستقر على ارتفاع العين مع انتقالات داخلية بين البيئات.,الحركة تخدم «تفكيك العالم إلى أشياء محسوسة»؛ أي حركة لا تغيّر الإدراك أو الضغط تُرفض.,كل عنصر يكتسب حضورًا صوتيًا خاصًا حين يدخل مجال النظر.,ماء وحجر وورق وأجنحة حيوانات عادية ضمن إيقاع واحد.,الصوت يبدأ من مادة اللقطة (ماء وحجر وورق وأجنحة حيوانات عادية ضمن إيقاع واحد.) ثم يفتح أو يضغط المقياس.,يحدث القطع عند اكتمال التحول داخل الكادر أو انتقال ذيل الصوت، لا عند انتهاء مدة اعتباطية.,العناصر التي تجد أسماءها,جعل المعرفة تجربة عالم لا قائمة أسماء.,لا تجسيد لآدم؛ الحيوانات عادية وغير منسوبة للغيب.,READY_FOR_HUMAN_STORYBOARD_REVIEW
ADAM-DC2-S07-SH02,ADAM-SEQUENCE-07,24,reveal,ربط الأشياء بشبكة معنى,الاسم علاقة لا بطاقة جامدة,تفاصيل دقيقة: عروق ورقة، بلورات حجر، تموج ماء، بصمة ريش.,ماكرو متصل بحركات match cut بين المواد.,الحركة تخدم «ربط الأشياء بشبكة معنى»؛ أي حركة لا تغيّر الإدراك أو الضغط تُرفض.,تنشأ بين التفاصيل روابط بصرية خفية.,أصوات المواد تتحول إلى نسيج موسيقي.,الصوت يبدأ من مادة اللقطة (أصوات المواد تتحول إلى نسيج موسيقي.) ثم يفتح أو يضغط المقياس.,يحدث القطع عند اكتمال التحول داخل الكادر أو انتقال ذيل الصوت، لا عند انتهاء مدة اعتباطية.,العناصر التي تجد أسماءها,إظهار قدرة التمييز والبيان.,مواد طبيعية فقط.,READY_FOR_HUMAN_STORYBOARD_REVIEW
ADAM-DC2-S07-SH03,ADAM-SEQUENCE-07,28,pressure,عرض حدود العلم السابق,الاعتراف بالحد ليس نقصًا أخلاقيًا,خطوط حبر شفافة تنشأ من الأشياء وتلتقي في شبكة واسعة فوق الوادي.,طيران داخل الشبكة ثم انسحاب يكشف اتساعها.,الحركة تخدم «عرض حدود العلم السابق»؛ أي حركة لا تغيّر الإدراك أو الضغط تُرفض.,تتشكل احتمالات متعددة للمعنى ثم لا تستقر في قائمة مغلقة.,همسات حروف غير مفهومة ثم وضوح صوت الراوي.,الصوت يبدأ من مادة اللقطة (همسات حروف غير مفهومة ثم وضوح صوت الراوي.) ثم يفتح أو يضغط المقياس.,يحدث القطع عند اكتمال التحول داخل الكادر أو انتقال ذيل الصوت، لا عند انتهاء مدة اعتباطية.,العناصر التي تجد أسماءها,احتواء أقوال التفسير دون إيقاف المشهد.,وسم خافت: وجوه تفسيرية متعددة لا حصر للمراد.,READY_FOR_HUMAN_STORYBOARD_REVIEW
ADAM-DC2-S07-SH04,ADAM-SEQUENCE-07,26,turn,منح التواضع لحظة صمت,الصمت هنا معرفة بمصدر المعرفة,المشهد الطبيعي يهدأ، وانعكاسات ضوء مرتبة تظهر على بحيرة ساكنة.,دوران حول البحيرة مع ثبات مركزها.,الحركة تخدم «منح التواضع لحظة صمت»؛ أي حركة لا تغيّر الإدراك أو الضغط تُرفض.,تنطفئ أصوات العناصر عند إقرار حدود العلم.,صمت يسبق الآية، ثم صوت الراوي وحده.,الصوت يبدأ من مادة اللقطة (صمت يسبق الآية، ثم صوت الراوي وحده.) ثم يفتح أو يضغط المقياس.,يحدث القطع عند اكتمال التحول داخل الكادر أو انتقال ذيل الصوت، لا عند انتهاء مدة اعتباطية.,العناصر التي تجد أسماءها,إبراز التواضع المعرفي.,الانعكاسات ليست ملائكة.,READY_FOR_HUMAN_STORYBOARD_REVIEW
ADAM-DC2-S07-SH05,ADAM-SEQUENCE-07,26,bridge,كشف موضع تكريم آدم,الطين يحمل ما لم تكشفه مادته,تعود الأصوات واحدة تلو الأخرى، وتتصل الأشياء ضمن إيقاع واضح يقوده مركز منظور الكاميرا.,اندفاع من البحيرة عبر الوادي إلى سماء مفتوحة.,الحركة تخدم «كشف موضع تكريم آدم»؛ أي حركة لا تغيّر الإدراك أو الضغط تُرفض.,تنتظم الشبكة ثم تنضغط إلى نقطة ضوء واحدة.,اكتمال لحن المعرفة.,الصوت يبدأ من مادة اللقطة (اكتمال لحن المعرفة.) ثم يفتح أو يضغط المقياس.,يحدث القطع عند اكتمال التحول داخل الكادر أو انتقال ذيل الصوت، لا عند انتهاء مدة اعتباطية.,العناصر التي تجد أسماءها,كشف التكريم والعبور إلى الأمر.,المركز منظور لا هيئة آدم.,READY_FOR_HUMAN_STORYBOARD_REVIEW
ADAM-DC2-S08-SH01,ADAM-SEQUENCE-08,12,entry,إيقاف نشوة المعرفة,العلم لا يعفي من الامتثال,الوادي كله في لحظة حركة: ماء يسقط، طائر يعبر، أوراق تهتز؛ ثم يتوقف كل شيء.,حركة بطيئة تتحول إلى توقف كامل في منتصف الفعل.,الحركة تخدم «إيقاف نشوة المعرفة»؛ أي حركة لا تغيّر الإدراك أو الضغط تُرفض.,تبقى قطرة ماء معلقة في الهواء.,تتباطأ الأصوات حتى الصفر.,الصوت يبدأ من مادة اللقطة (تتباطأ الأصوات حتى الصفر.) ثم يفتح أو يضغط المقياس.,يحدث القطع عند اكتمال التحول داخل الكادر أو انتقال ذيل الصوت، لا عند انتهاء مدة اعتباطية.,تجمد شبكة الأسماء,تحويل المعرفة إلى عتبة اختبار.,العالم الطبيعي فقط.,READY_FOR_HUMAN_STORYBOARD_REVIEW
ADAM-DC2-S08-SH02,ADAM-SEQUENCE-08,18,reveal,إحضار الأمر إلى مركز الصورة,الأمر يختبر ترتيب القيم,الآية تظهر فوق الأفق الموقوف، كأنها الحد الوحيد المتحرك.,اقتراب محوري شديد البطء.,الحركة تخدم «إحضار الأمر إلى مركز الصورة»؛ أي حركة لا تغيّر الإدراك أو الضغط تُرفض.,تزداد الكلمات وضوحًا مع صوت الراوي.,صوت الراوي بلا موسيقى.,الصوت يبدأ من مادة اللقطة (صوت الراوي بلا موسيقى.) ثم يفتح أو يضغط المقياس.,يحدث القطع عند اكتمال التحول داخل الكادر أو انتقال ذيل الصوت، لا عند انتهاء مدة اعتباطية.,تجمد شبكة الأسماء,تثبيت الأمر من النص.,لا تجسيد للآمر أو المأمور.,READY_FOR_HUMAN_STORYBOARD_REVIEW
ADAM-DC2-S08-SH03,ADAM-SEQUENCE-08,22,pressure,تهيئة حركة السجود,الطاعة تتجمع قبل الحركة,أشجار وحشائش وغيوم تنخفض في حركة بيئية موحدة حول مركز خارج الكادر.,دوران واسع يلتقط الحركة من جهات متعددة.,الحركة تخدم «تهيئة حركة السجود»؛ أي حركة لا تغيّر الإدراك أو الضغط تُرفض.,تتعاظم الحركة من الأطراف إلى المركز.,اندفاع هواء متناغم.,الصوت يبدأ من مادة اللقطة (اندفاع هواء متناغم.) ثم يفتح أو يضغط المقياس.,يحدث القطع عند اكتمال التحول داخل الكادر أو انتقال ذيل الصوت، لا عند انتهاء مدة اعتباطية.,تجمد شبكة الأسماء,منح السجود مقياسًا بلا أجساد غيبية.,الانخفاض استعارة بيئية لا تصوير الملائكة.,READY_FOR_HUMAN_STORYBOARD_REVIEW
ADAM-DC2-S08-SH04,ADAM-SEQUENCE-08,20,turn,زرع قياس النار والطين,المادة ستُستعمل حجة للكبر,شق بركاني مشتعل يواجه سهلًا طينيًا هادئًا عبر وادٍ عميق.,عدسة طويلة تضغط المسافة بين الأصلين.,الحركة تخدم «زرع قياس النار والطين»؛ أي حركة لا تغيّر الإدراك أو الضغط تُرفض.,يتصاعد اللهب بينما يبقى الطين ثابتًا.,طنينان متعارضان.,الصوت يبدأ من مادة اللقطة (طنينان متعارضان.) ثم يفتح أو يضغط المقياس.,يحدث القطع عند اكتمال التحول داخل الكادر أو انتقال ذيل الصوت، لا عند انتهاء مدة اعتباطية.,تجمد شبكة الأسماء,زرع القياس الذي سيظهر في حجة إبليس.,المادتان رمزان لا جسدان.,READY_FOR_HUMAN_STORYBOARD_REVIEW
ADAM-DC2-S08-SH05,ADAM-SEQUENCE-08,20,bridge,قطع المشهد قبل اكتمال الطاعة,التوتر يولد من التأخير لا الصخب,كل عناصر الضوء والبيئة تنخفض؛ وحده عمود حرارة رفيع يبقى قائمًا بعيدًا.,رفع بسيط يكشف العمود في آخر ثانية.,الحركة تخدم «قطع المشهد قبل اكتمال الطاعة»؛ أي حركة لا تغيّر الإدراك أو الضغط تُرفض.,تقطع الصورة قبل اكتمال الانخفاض.,نبضة واحدة ثم صمت.,الصوت يبدأ من مادة اللقطة (نبضة واحدة ثم صمت.) ثم يفتح أو يضغط المقياس.,يحدث القطع عند اكتمال التحول داخل الكادر أو انتقال ذيل الصوت، لا عند انتهاء مدة اعتباطية.,تجمد شبكة الأسماء,العبور إلى السجود وكشف الاستثناء.,عمود الحرارة ليس إبليس.,READY_FOR_HUMAN_STORYBOARD_REVIEW
ADAM-DC2-S09-SH01,ADAM-SEQUENCE-09,16,entry,إطلاق السجود في مقياس ملحمي,الامتثال جماعي لكنه ليس ذوبانًا للمعنى,سهل جبلي هائل تتحرك فوقه آلاف انعكاسات الضوء في انتظام واحد.,لقطة عريضة ثابتة تسمح للحركة أن تملأ العمق.,الحركة تخدم «إطلاق السجود في مقياس ملحمي»؛ أي حركة لا تغيّر الإدراك أو الضغط تُرفض.,تنخفض الانعكاسات نحو الأرض في موجة متصلة.,موجة هواء واسعة وارتطام ناعم.,الصوت يبدأ من مادة اللقطة (موجة هواء واسعة وارتطام ناعم.) ثم يفتح أو يضغط المقياس.,يحدث القطع عند اكتمال التحول داخل الكادر أو انتقال ذيل الصوت، لا عند انتهاء مدة اعتباطية.,الموجة الهابطة والتشوه الحراري,منح الامتثال اتساعًا وهدوءًا.,الضوء ليس أجساد ملائكة.,READY_FOR_HUMAN_STORYBOARD_REVIEW
ADAM-DC2-S09-SH02,ADAM-SEQUENCE-09,22,reveal,جعل البيئة تشارك في الامتثال,الطبيعة تؤكد وحدة الاتجاه,الغيوم والظلال على الجبال تنحني مع الموجة نفسها.,طيران جانبي بمحاذاة قمم الجبال.,الحركة تخدم «جعل البيئة تشارك في الامتثال»؛ أي حركة لا تغيّر الإدراك أو الضغط تُرفض.,تصل الحركة إلى كل حافة في توقيت واحد.,رعد بعيد يتحول إلى تناغم.,الصوت يبدأ من مادة اللقطة (رعد بعيد يتحول إلى تناغم.) ثم يفتح أو يضغط المقياس.,يحدث القطع عند اكتمال التحول داخل الكادر أو انتقال ذيل الصوت، لا عند انتهاء مدة اعتباطية.,الموجة الهابطة والتشوه الحراري,جعل العالم شاهدًا بصريًا على الامتثال.,استعارة بيئية.,READY_FOR_HUMAN_STORYBOARD_REVIEW
ADAM-DC2-S09-SH03,ADAM-SEQUENCE-09,26,pressure,إغلاق الحركة على اكتمالها,الكمال يسبق الانكسار كي نشعر بفداحته,الآية تملأ شاشة سوداء بعد اكتمال الحركة.,ثبات طويل بلا قطع.,الحركة تخدم «إغلاق الحركة على اكتمالها»؛ أي حركة لا تغيّر الإدراك أو الضغط تُرفض.,ينطفئ آخر أثر ضوء مع كلمة «أجمعون».,صوت الراوي وجملة موسيقية مكتملة.,الصوت يبدأ من مادة اللقطة (صوت الراوي وجملة موسيقية مكتملة.) ثم يفتح أو يضغط المقياس.,يحدث القطع عند اكتمال التحول داخل الكادر أو انتقال ذيل الصوت، لا عند انتهاء مدة اعتباطية.,الموجة الهابطة والتشوه الحراري,ختم فعل السجود.,النص فقط.,READY_FOR_HUMAN_STORYBOARD_REVIEW
ADAM-DC2-S09-SH04,ADAM-SEQUENCE-09,24,turn,فتح شق الاستثناء,كلمة واحدة تعيد تفسير المشهد كله,يعود السهل في سكون كامل، لكن عمود حرارة واحد يشوه الأفق.,اقتراب عدسة طويلة يضغط المسافة.,الحركة تخدم «فتح شق الاستثناء»؛ أي حركة لا تغيّر الإدراك أو الضغط تُرفض.,تظهر كلمة ﴿إلا﴾ قبل أن يتضح مصدر الاضطراب.,نغمة منفردة خارج السلم.,الصوت يبدأ من مادة اللقطة (نغمة منفردة خارج السلم.) ثم يفتح أو يضغط المقياس.,يحدث القطع عند اكتمال التحول داخل الكادر أو انتقال ذيل الصوت، لا عند انتهاء مدة اعتباطية.,الموجة الهابطة والتشوه الحراري,فتح الاستثناء.,لا هيئة لإبليس.,READY_FOR_HUMAN_STORYBOARD_REVIEW
ADAM-DC2-S09-SH05,ADAM-SEQUENCE-09,26,bridge,تحويل الشق إلى وادٍ للكبر,الرفض يصنع عالمه البصري الخاص,تشوه الحرارة يتسع حتى يصبح ممرًا بركانيًا داخل الكادر.,اندفاع سريع عبر التشوه.,الحركة تخدم «تحويل الشق إلى وادٍ للكبر»؛ أي حركة لا تغيّر الإدراك أو الضغط تُرفض.,تتشقق الأرض في اتجاه معاكس لحركة السجود.,تمزق صوتي وبدء إيقاع الذروة.,الصوت يبدأ من مادة اللقطة (تمزق صوتي وبدء إيقاع الذروة.) ثم يفتح أو يضغط المقياس.,يحدث القطع عند اكتمال التحول داخل الكادر أو انتقال ذيل الصوت، لا عند انتهاء مدة اعتباطية.,الموجة الهابطة والتشوه الحراري,الدخول إلى منطق الرفض.,النار رمز للأصل والحجة.,READY_FOR_HUMAN_STORYBOARD_REVIEW
ADAM-DC2-S10-SH01,ADAM-SEQUENCE-10,15,entry,رفع النار ضد اتجاه الطاعة,التمرد حركة عكسية مقصودة,وادي بركاني تعصف فيه نار أفقية فوق صخور سوداء.,حركة كاميرا عنيفة قصيرة ثم ثبات أمام جدار النار.,الحركة تخدم «رفع النار ضد اتجاه الطاعة»؛ أي حركة لا تغيّر الإدراك أو الضغط تُرفض.,يتشكل في النار خط صاعد يرفض اتجاه الريح.,احتراق غير منتظم وضربات حجر.,الصوت يبدأ من مادة اللقطة (احتراق غير منتظم وضربات حجر.) ثم يفتح أو يضغط المقياس.,يحدث القطع عند اكتمال التحول داخل الكادر أو انتقال ذيل الصوت، لا عند انتهاء مدة اعتباطية.,السبج والطريق المضيء,تحويل الإباء إلى قوة مشهدية بلا كائن مرئي.,لا جسد أو وجه لإبليس.,READY_FOR_HUMAN_STORYBOARD_REVIEW
ADAM-DC2-S10-SH02,ADAM-SEQUENCE-10,22,reveal,وضع النار والطين تحت السؤال,المادة لا تحاكم الأمر,في الجهة المقابلة، سهل طيني ساكن يحتفظ بآثار المطر.,عدسة طويلة من داخل الوادي البركاني نحو السهل.,الحركة تخدم «وضع النار والطين تحت السؤال»؛ أي حركة لا تغيّر الإدراك أو الضغط تُرفض.,تسقط قطرة ماء على الطين ولا يحدث صراع مباشر.,ماء واحد مقابل هدير النار.,الصوت يبدأ من مادة اللقطة (ماء واحد مقابل هدير النار.) ثم يفتح أو يضغط المقياس.,يحدث القطع عند اكتمال التحول داخل الكادر أو انتقال ذيل الصوت، لا عند انتهاء مدة اعتباطية.,السبج والطريق المضيء,تثبيت طرفي الحجة من دون إقرار ميزانها.,الطين ليس جسد آدم.,READY_FOR_HUMAN_STORYBOARD_REVIEW
ADAM-DC2-S10-SH03,ADAM-SEQUENCE-10,25,pressure,تكبير الأنا داخل مرايا السبج,الكبر يعيد إنتاج نفسه في كل انعكاس,ألواح سبج عاكسة تكرر النار والطين، وتكبر في كل انعكاس كلمة «أنا».,دوران متسارع بين الانعكاسات ثم توقف حاد.,الحركة تخدم «تكبير الأنا داخل مرايا السبج»؛ أي حركة لا تغيّر الإدراك أو الضغط تُرفض.,تنكسر الألواح عند اكتمال الآية.,صدى كلمة «أنا» بصوت الراوي فقط، ثم كسر زجاجي.,الصوت يبدأ من مادة اللقطة (صدى كلمة «أنا» بصوت الراوي فقط، ثم كسر زجاجي.) ثم يفتح أو يضغط المقياس.,يحدث القطع عند اكتمال التحول داخل الكادر أو انتقال ذيل الصوت، لا عند انتهاء مدة اعتباطية.,السبج والطريق المضيء,ترجمة تضخم الذات إلى فضاء بصري.,لا أداء تمثيلي لإبليس.,READY_FOR_HUMAN_STORYBOARD_REVIEW
ADAM-DC2-S10-SH04,ADAM-SEQUENCE-10,22,turn,إسقاط الكبر إلى العداوة,العقوبة لا تنهي الاختيار الشرير,ينفتح الوادي إلى هاوية، وتسقط شراراته إلى ظلام لا يُرى قاعه.,سقوط رأسي سريع يتوقف فوق السواد.,الحركة تخدم «إسقاط الكبر إلى العداوة»؛ أي حركة لا تغيّر الإدراك أو الضغط تُرفض.,تتحول الشرارات إلى شقوق طويلة على أرض بعيدة.,سقوط منخفض ثم صمت ثقيل.,الصوت يبدأ من مادة اللقطة (سقوط منخفض ثم صمت ثقيل.) ثم يفتح أو يضغط المقياس.,يحدث القطع عند اكتمال التحول داخل الكادر أو انتقال ذيل الصوت، لا عند انتهاء مدة اعتباطية.,السبج والطريق المضيء,الطرد واللعنة من دون تصوير موضع غيبي.,الهاوية استعارة لا تحديد لمكان.,READY_FOR_HUMAN_STORYBOARD_REVIEW
ADAM-DC2-S10-SH05,ADAM-SEQUENCE-10,25,bridge,مد العداوة على طريق البشر,كل إنسان سيرث طريقًا مراقبًا لا مصيرًا مفروضًا,طريق مستقيم من الضوء يمر عبر أسواق ومدارس وبيوت وساحات حرب عبر عصور كثيرة؛ ظلال تترصد على الجانبين.,اندفاع أمامي مستمر مع لقطات بشرية بعيدة بلا أبطال محددين.,الحركة تخدم «مد العداوة على طريق البشر»؛ أي حركة لا تغيّر الإدراك أو الضغط تُرفض.,يحاول الظل قطع الطريق لكنه لا يملأه كاملًا.,أصوات حياة بشرية تتداخل مع موتيف تهديد مستمر.,الصوت يبدأ من مادة اللقطة (أصوات حياة بشرية تتداخل مع موتيف تهديد مستمر.) ثم يفتح أو يضغط المقياس.,يحدث القطع عند اكتمال التحول داخل الكادر أو انتقال ذيل الصوت، لا عند انتهاء مدة اعتباطية.,السبج والطريق المضيء,تحويل العداوة إلى محرك تاريخي للمسلسل.,أشخاص عاديون مجهولون؛ لا أنبياء أو وقائع محددة.,READY_FOR_HUMAN_STORYBOARD_REVIEW
ADAM-DC2-S11-SH01,ADAM-SEQUENCE-11,12,entry,إخراج الكثرة من أصل واحد,البشرية امتداد حي لأبيها الأول,تكوين طيني قوسي هائل لا يكتمل في هيئة بشرية؛ من امتداده تبدأ آلاف نقاط الضوء في الظهور طبقة بعد طبقة.,انسحاب بطيء يبدأ من ملمس الطين وينتهي أمام اتساع لا يحصى.,الحركة تخدم «إخراج الكثرة من أصل واحد»؛ أي حركة لا تغيّر الإدراك أو الضغط تُرفض.,تخرج النقاط من الأصل الطيني وتتحول إلى أجيال وقرى ومدن بعيدة.,نبضة واحدة تتكاثر إلى نبضات بشرية متعددة الأعمار.,الصوت يبدأ من مادة اللقطة (نبضة واحدة تتكاثر إلى نبضات بشرية متعددة الأعمار.) ثم يفتح أو يضغط المقياس.,يحدث القطع عند اكتمال التحول داخل الكادر أو انتقال ذيل الصوت، لا عند انتهاء مدة اعتباطية.,الأثر الطيني الذي يصير أجيالًا,إثبات خروج الذرية من أصل واحد قبل مشهد الميثاق.,لا جسد لآدم ولا ظهر مرئي؛ الأصل الطيني استعارة بيئية للحدث الثابت.,READY_FOR_HUMAN_STORYBOARD_REVIEW
ADAM-DC2-S11-SH02,ADAM-SEQUENCE-11,18,reveal,إقامة الميثاق في مركز الذاكرة الإنسانية,العهد أسبق من دعوى الغفلة,سطح ماء واسع يعكس أجيالًا بلا وجوه، وتتوسطه الآية بخط قرآني رصين.,هبوط محوري حتى يصير انعكاس السماء والأجيال مستوى واحدًا.,الحركة تخدم «إقامة الميثاق في مركز الذاكرة الإنسانية»؛ أي حركة لا تغيّر الإدراك أو الضغط تُرفض.,تظهر ﴿أَلَسْتُ بِرَبِّكُمْ قَالُوا بَلَىٰ شَهِدْنَا﴾ كاملة بلا تقطيع، وتتحد دوائر الماء عند «بَلَىٰ».,صوت الراوي وحده عند الآية، ثم عودة النبضات بعد الصمت.,الصوت يبدأ من مادة اللقطة (صوت الراوي وحده عند الآية، ثم عودة النبضات بعد الصمت.) ثم يفتح أو يضغط المقياس.,يحدث القطع عند اكتمال التحول داخل الكادر أو انتقال ذيل الصوت، لا عند انتهاء مدة اعتباطية.,الأثر الطيني الذي يصير أجيالًا,إقامة الميثاق بوصفه مركز المسؤولية لا هامشًا تفسيريًا.,الآية تُقرأ بصوت الراوي؛ لا أداء جماعي مجسد للذرية.,READY_FOR_HUMAN_STORYBOARD_REVIEW
ADAM-DC2-S11-SH03,ADAM-SEQUENCE-11,18,pressure,مد الذرية إلى أمم وأزمنة,كل جيل يحمل السؤال نفسه,شجرة نسب من ضوء خافت تنمو فوق أرض حقيقية؛ فروعها تصير طرقًا ومدنًا وسواحل.,رفع من الجذر المجرد إلى شبكة الفروع.,الحركة تخدم «مد الذرية إلى أمم وأزمنة»؛ أي حركة لا تغيّر الإدراك أو الضغط تُرفض.,كل فرع يلد جيلًا ثم يترك أثرًا للجيل الذي بعده.,احتكاك رقيق ولحن إنساني.,الصوت يبدأ من مادة اللقطة (احتكاك رقيق ولحن إنساني.) ثم يفتح أو يضغط المقياس.,يحدث القطع عند اكتمال التحول داخل الكادر أو انتقال ذيل الصوت، لا عند انتهاء مدة اعتباطية.,الأثر الطيني الذي يصير أجيالًا,تحويل الذرية من عدد غيبي إلى أثر بشري ممتد في الأرض.,وسم بصري: رواية معتبرة لا تفسير حصري للآية.,READY_FOR_HUMAN_STORYBOARD_REVIEW
ADAM-DC2-S11-SH04,ADAM-SEQUENCE-11,18,turn,فصل ثبوت الحدث عن ترتيب الربط الزمني,التحفظ الزمني لا يضعف أصل الحدث,طريق واحد يمر عبر عصور متعددة من دون ساعة أو سهم زمني أو موضع محدد للحدث.,حركة حرة غير خطية تتوقف أمام أكثر من باب.,الحركة تخدم «فصل ثبوت الحدث عن ترتيب الربط الزمني»؛ أي حركة لا تغيّر الإدراك أو الضغط تُرفض.,تتعاقب العصور على جانبي الطريق بينما يبقى العهد في مركز التكوين.,إيقاع بلا ضربة أولى واضحة.,الصوت يبدأ من مادة اللقطة (إيقاع بلا ضربة أولى واضحة.) ثم يفتح أو يضغط المقياس.,يحدث القطع عند اكتمال التحول داخل الكادر أو انتقال ذيل الصوت، لا عند انتهاء مدة اعتباطية.,الأثر الطيني الذي يصير أجيالًا,حفظ التحفظ في الربط الزمني من دون إضعاف أصل خروج الذرية أو الميثاق.,لا ادعاء زمان أو مكان غيبي.,READY_FOR_HUMAN_STORYBOARD_REVIEW
ADAM-DC2-S11-SH05,ADAM-SEQUENCE-11,18,bridge,إعادة المسؤولية إلى كل فرد,العدو حاضر لكن الاختيار إنساني,يختفي الممر وتبقى في تراب رطب آثار خطوتين تتجهان إلى خضرة كثيفة.,تتبع منخفض للآثار حتى بوابة طبيعية من الأشجار.,الحركة تخدم «إعادة المسؤولية إلى كل فرد»؛ أي حركة لا تغيّر الإدراك أو الضغط تُرفض.,تدخل الريح الخضراء إلى الكادر وتغطيه.,الموتيف الإنساني يهدأ وتدخل أصوات ماء.,الصوت يبدأ من مادة اللقطة (الموتيف الإنساني يهدأ وتدخل أصوات ماء.) ثم يفتح أو يضغط المقياس.,يحدث القطع عند اكتمال التحول داخل الكادر أو انتقال ذيل الصوت، لا عند انتهاء مدة اعتباطية.,الأثر الطيني الذي يصير أجيالًا,الانتقال إلى السكن والزوجية.,الآثار توحي بحضورين دون تصوير آدم أو حواء.,READY_FOR_HUMAN_STORYBOARD_REVIEW
ADAM-DC2-S12-SH01,ADAM-SEQUENCE-12,12,entry,إثبات الخلق من الضلع بلا تشريح,الأنس يخرج من الوحدة دون ابتذال بصري,بنية عظمية منحنية تُرى داخل ضوء عاجي ثم تتحول إلى قوسين متجاورين في عمارة طبيعية.,ماكرو ثم انسحاب يكشف القوسين كمدخل إلى حديقة.,الحركة تخدم «إثبات الخلق من الضلع بلا تشريح»؛ أي حركة لا تغيّر الإدراك أو الضغط تُرفض.,يتحرك ضوءان متوازيان داخل القوسين بلا أجساد.,وتران متقاربان ونفس هواء.,الصوت يبدأ من مادة اللقطة (وتران متقاربان ونفس هواء.) ثم يفتح أو يضغط المقياس.,يحدث القطع عند اكتمال التحول داخل الكادر أو انتقال ذيل الصوت، لا عند انتهاء مدة اعتباطية.,مساران في الحديقة,تثبيت أصل الضلع والانتقال إلى الأنس.,لا جسد أو عملية خلق مصورة.,READY_FOR_HUMAN_STORYBOARD_REVIEW
ADAM-DC2-S12-SH02,ADAM-SEQUENCE-12,18,reveal,إبقاء التفاصيل غير الثابتة خارج يقين الصورة,الخبر الثانوي لا يقود التكوين,ثلاثة ظلال بيئية غير مكتملة: ممر ينعطف يسارًا، ضوء يخفت كالنوم، وشق في حجر يلتئم؛ لا تتجمع في واقعة واحدة.,انتقال تركيز بين الإشارات الثلاث ثم خروج منها إلى ضوء الحديقة.,الحركة تخدم «إبقاء التفاصيل غير الثابتة خارج يقين الصورة»؛ أي حركة لا تغيّر الإدراك أو الضغط تُرفض.,كل إشارة تبدأ بالتشكل ثم تذوب قبل أن تصبح صورة تقريرية.,أصوات بعيدة غير لغوية تنسحب أمام صوت الماء.,الصوت يبدأ من مادة اللقطة (أصوات بعيدة غير لغوية تنسحب أمام صوت الماء.) ثم يفتح أو يضغط المقياس.,يحدث القطع عند اكتمال التحول داخل الكادر أو انتقال ذيل الصوت، لا عند انتهاء مدة اعتباطية.,مساران في الحديقة,إبقاء التفاصيل الثانوية خارج يقين الصورة بلا بطاقات بحثية.,لا نوم مجسد ولا ضلع محدد الجهة ولا حوار مخترع.,READY_FOR_HUMAN_STORYBOARD_REVIEW
ADAM-DC2-S12-SH03,ADAM-SEQUENCE-12,18,pressure,فتح الجنة بوصفها عالمًا حيًا,النعيم يُعاش في البيئة لا في الزينة وحدها,حديقة مترامية بطبقات ماء وأشجار ومرتفعات وضوء يتحرك مع السحب.,طيران طويل بين الطبقات ينتهي عند مرج مفتوح.,الحركة تخدم «فتح الجنة بوصفها عالمًا حيًا»؛ أي حركة لا تغيّر الإدراك أو الضغط تُرفض.,تفتح الأزهار مع مرور الضوء وتتحرك الحيوانات العادية بعيدًا.,ماء وطيور وريح بتفاصيل واسعة.,الصوت يبدأ من مادة اللقطة (ماء وطيور وريح بتفاصيل واسعة.) ثم يفتح أو يضغط المقياس.,يحدث القطع عند اكتمال التحول داخل الكادر أو انتقال ذيل الصوت، لا عند انتهاء مدة اعتباطية.,مساران في الحديقة,منح السكن عالمًا حيًا لا خلفية تجريدية.,الجنة معالجة رمزية غير قطعية.,READY_FOR_HUMAN_STORYBOARD_REVIEW
ADAM-DC2-S12-SH04,ADAM-SEQUENCE-12,18,turn,إظهار الأنس عبر استجابة المكان,حضور اثنين يغير إيقاع العالم,في المرج، مساران من العشب المنحني يتحركان معًا؛ الماء يضطرب في موضعين متجاورين.,كاميرا منخفضة تتبع الأثرين دون كشف صاحبيهما.,الحركة تخدم «إظهار الأنس عبر استجابة المكان»؛ أي حركة لا تغيّر الإدراك أو الضغط تُرفض.,تلتقي الآثار عند جدول ثم تتباعد نحو الثمر.,خطوات غير مسموعة؛ البيئة وحدها تستجيب.,الصوت يبدأ من مادة اللقطة (خطوات غير مسموعة؛ البيئة وحدها تستجيب.) ثم يفتح أو يضغط المقياس.,يحدث القطع عند اكتمال التحول داخل الكادر أو انتقال ذيل الصوت، لا عند انتهاء مدة اعتباطية.,مساران في الحديقة,إظهار الأنس والحضور الثنائي.,لا جسد أو وجه لآدم أو حواء.,READY_FOR_HUMAN_STORYBOARD_REVIEW
ADAM-DC2-S12-SH05,ADAM-SEQUENCE-12,18,bridge,إدخال العدو إلى حافة السكن,الخطر معروف قبل أن يصبح خفيًا,على حافة الحديقة، يتوقف الضوء فجأة داخل ممر بعيد ويمر ظل حراري بلا شكل.,عدسة طويلة من داخل النعيم نحو الحافة.,الحركة تخدم «إدخال العدو إلى حافة السكن»؛ أي حركة لا تغيّر الإدراك أو الضغط تُرفض.,تسكن الطيور في ذلك الاتجاه وتظهر آية التحذير.,تنخفض أصوات الطبيعة وتدخل نغمة تهديد.,الصوت يبدأ من مادة اللقطة (تنخفض أصوات الطبيعة وتدخل نغمة تهديد.) ثم يفتح أو يضغط المقياس.,يحدث القطع عند اكتمال التحول داخل الكادر أو انتقال ذيل الصوت، لا عند انتهاء مدة اعتباطية.,مساران في الحديقة,زرع العدو داخل السكن من دون ظهوره.,الظل ليس إبليس.,READY_FOR_HUMAN_STORYBOARD_REVIEW
ADAM-DC2-S13-SH01,ADAM-SEQUENCE-13,12,entry,إظهار اتساع المباح,الاختبار لا يولد من الحرمان,الجنة في أوسع صورها: أنهار ومسارات وثمر متنوع في كل اتجاه.,رافعة جوية تكشف وفرة المكان ثم تهبط إلى مسار واحد.,الحركة تخدم «إظهار اتساع المباح»؛ أي حركة لا تغيّر الإدراك أو الضغط تُرفض.,تمر الكاميرا بين عشرات الثمار من دون تفضيل نوع.,ماء وطيور وريح كاملة الطبقات.,الصوت يبدأ من مادة اللقطة (ماء وطيور وريح كاملة الطبقات.) ثم يفتح أو يضغط المقياس.,يحدث القطع عند اكتمال التحول داخل الكادر أو انتقال ذيل الصوت، لا عند انتهاء مدة اعتباطية.,خط الظل والورقة غير المميزة,تأسيس كثرة المباح قبل الحد.,تصوير رمزي للجنة.,READY_FOR_HUMAN_STORYBOARD_REVIEW
ADAM-DC2-S13-SH02,ADAM-SEQUENCE-13,18,reveal,تضييق المسار بلا حاجز مادي,الحد أخلاقي قبل أن يكون مكانيًا,المسار يضيق عند منطقة أشجار أكثر كثافة، ولا يوجد سور أو حاجز مادي.,تتبع أمامي يتباطأ كلما اقترب من خط ظل على الأرض.,الحركة تخدم «تضييق المسار بلا حاجز مادي»؛ أي حركة لا تغيّر الإدراك أو الضغط تُرفض.,تتوقف الريح عند الخط بينما تستمر خلفه.,تنخفض طبقة من أصوات الطبيعة مع كل متر.,الصوت يبدأ من مادة اللقطة (تنخفض طبقة من أصوات الطبيعة مع كل متر.) ثم يفتح أو يضغط المقياس.,يحدث القطع عند اكتمال التحول داخل الكادر أو انتقال ذيل الصوت، لا عند انتهاء مدة اعتباطية.,خط الظل والورقة غير المميزة,جعل النهي مسافة درامية لا سجنًا.,لا ادعاء شكل الحد أو الشجرة.,READY_FOR_HUMAN_STORYBOARD_REVIEW
ADAM-DC2-S13-SH03,ADAM-SEQUENCE-13,18,pressure,ترك احتمالات نوع الشجرة تتلاشى,نوع الثمرة ليس مركز المعنى,سنابل وعناقيد وتين تظهر كأصداء شفافة داخل عمق الغابة، لا كخيارات مكتوبة.,تبديل تركيز سينمائي بين الأصداء ثم العودة إلى غصن غير مميز.,الحركة تخدم «ترك احتمالات نوع الشجرة تتلاشى»؛ أي حركة لا تغيّر الإدراك أو الضغط تُرفض.,كل احتمال يقترب من الوضوح ثم يذوب قبل أن يستقر في المركز.,ثلاث خامات صوتية قصيرة تنتهي جميعًا في الصمت نفسه.,الصوت يبدأ من مادة اللقطة (ثلاث خامات صوتية قصيرة تنتهي جميعًا في الصمت نفسه.) ثم يفتح أو يضغط المقياس.,يحدث القطع عند اكتمال التحول داخل الكادر أو انتقال ذيل الصوت، لا عند انتهاء مدة اعتباطية.,خط الظل والورقة غير المميزة,صرف الانتباه عن نوع الثمرة وإعادته إلى الحد والأمر.,لا تعيين بصري لنوع الشجرة ولا ادعاء تاريخي.,READY_FOR_HUMAN_STORYBOARD_REVIEW
ADAM-DC2-S13-SH04,ADAM-SEQUENCE-13,18,turn,تثبيت الكاميرا عند الحد,الطاعة تظهر في المسافة التي لا تُقطع,تعود الغابة بلا ثمرة واضحة؛ الكاميرا تصل إلى خط الظل وتتوقف تمامًا.,دوللي أمامي ينتهي على مسافة محسوبة من الأوراق.,الحركة تخدم «تثبيت الكاميرا عند الحد»؛ أي حركة لا تغيّر الإدراك أو الضغط تُرفض.,تظهر الآية في الفراغ بين العدسة والمنطقة المحظورة.,تختفي أصوات الماء والطيور ويبقى النفس.,الصوت يبدأ من مادة اللقطة (تختفي أصوات الماء والطيور ويبقى النفس.) ثم يفتح أو يضغط المقياس.,يحدث القطع عند اكتمال التحول داخل الكادر أو انتقال ذيل الصوت، لا عند انتهاء مدة اعتباطية.,خط الظل والورقة غير المميزة,رفع التوتر عند الحد.,لا تصوير لآدم أو حواء أو فعل اقتراب.,READY_FOR_HUMAN_STORYBOARD_REVIEW
ADAM-DC2-S13-SH05,ADAM-SEQUENCE-13,18,bridge,تسليم السكون إلى أثر الوسوسة,الخطر يعرف أين يضغط قبل أن يتكلم,ورقة غير مميزة تهتز عند عمق الغابة، ثم تسكن قبل أن يلمسها شيء.,ماكرو ثابت مع عمق ميدان ضيق.,الحركة تخدم «تسليم السكون إلى أثر الوسوسة»؛ أي حركة لا تغيّر الإدراك أو الضغط تُرفض.,يمر اضطراب هواء من الخلف إلى الأمام.,احتكاك ورقة ثم قطع.,الصوت يبدأ من مادة اللقطة (احتكاك ورقة ثم قطع.) ثم يفتح أو يضغط المقياس.,يحدث القطع عند اكتمال التحول داخل الكادر أو انتقال ذيل الصوت، لا عند انتهاء مدة اعتباطية.,خط الظل والورقة غير المميزة,التوقف قبل الوسوسة.,لا تحديد لنوع الشجرة ولا حضور مرئي للعدو.,READY_FOR_HUMAN_STORYBOARD_REVIEW
ADAM-DC2-S14-SH01,ADAM-SEQUENCE-14,8,entry,استعادة سكون الورقة,المعصية لم تقع بعد,الورقة الساكنة تبقى في الكادر بعد القطع الزمني القصير.,ثبات تام مع تغير بؤرة دقيق.,الحركة تخدم «استعادة سكون الورقة»؛ أي حركة لا تغيّر الإدراك أو الضغط تُرفض.,تتحرك حافتها وحدها رغم سكون بقية الغابة.,احتكاك ورقة واحد وصمت.,الصوت يبدأ من مادة اللقطة (احتكاك ورقة واحد وصمت.) ثم يفتح أو يضغط المقياس.,يحدث القطع عند اكتمال التحول داخل الكادر أو انتقال ذيل الصوت، لا عند انتهاء مدة اعتباطية.,الورقة والباب الذهبي,الاستمرار من حد الحلقة إلى وعد التالية.,لا تجسيد للوسواس.,READY_FOR_HUMAN_STORYBOARD_REVIEW
ADAM-DC2-S14-SH02,ADAM-SEQUENCE-14,12,reveal,إدخال اضطراب لا يملك شكلًا,الشر يبدأ بإعادة ترتيب المعنى,انعكاس الممر البركاني القديم يظهر لحظة في قطرة ماء على الورقة ثم يختفي.,ماكرو مع انتقال بؤرة بين القطرة والخلفية.,الحركة تخدم «إدخال اضطراب لا يملك شكلًا»؛ أي حركة لا تغيّر الإدراك أو الضغط تُرفض.,يتشوه الانعكاس مع موجة لا يُعرف مصدرها.,عودة موتيف الرفض بنغمة خافتة.,الصوت يبدأ من مادة اللقطة (عودة موتيف الرفض بنغمة خافتة.) ثم يفتح أو يضغط المقياس.,يحدث القطع عند اكتمال التحول داخل الكادر أو انتقال ذيل الصوت، لا عند انتهاء مدة اعتباطية.,الورقة والباب الذهبي,ربط الوسوسة بعداوة إبليس دون إظهاره.,الانعكاس رمز لا كائن.,READY_FOR_HUMAN_STORYBOARD_REVIEW
ADAM-DC2-S14-SH03,ADAM-SEQUENCE-14,12,pressure,تضييق الممر نحو الهمس,الاقتراب أخطر حين يبدو نصيحة,ممر حقيقي بين الأشجار يزداد ظلمة، بينما يبقى وراءه ضوء الجنة واضحًا.,تقدم بطيء يتوقف في المنتصف ولا يدخل الظلام.,الحركة تخدم «تضييق الممر نحو الهمس»؛ أي حركة لا تغيّر الإدراك أو الضغط تُرفض.,تتحرك الأغصان كأن معنى غير مرئي مر بينها.,همس هوائي غير لغوي ولا كلمات مخترعة.,الصوت يبدأ من مادة اللقطة (همس هوائي غير لغوي ولا كلمات مخترعة.) ثم يفتح أو يضغط المقياس.,يحدث القطع عند اكتمال التحول داخل الكادر أو انتقال ذيل الصوت، لا عند انتهاء مدة اعتباطية.,الورقة والباب الذهبي,إثارة الوسوسة من خلال المكان.,لا حوار أو شخصية مرئية.,READY_FOR_HUMAN_STORYBOARD_REVIEW
ADAM-DC2-S14-SH04,ADAM-SEQUENCE-14,13,turn,شق معنى السقوط بالتوبة,التوبة جزء من أفق الإنسان قبل عرضها,كلمة «السقوط» تظهر على حجر مبلل، ثم يشقها ضوء يصنع كلمة «التوبة».,ثبات مع حركة الضوء فقط.,الحركة تخدم «شق معنى السقوط بالتوبة»؛ أي حركة لا تغيّر الإدراك أو الضغط تُرفض.,لا تمحى الكلمة الأولى؛ يُفتح فيها طريق.,نغمة رابعة جديدة بعد الموتيف الأصلي.,الصوت يبدأ من مادة اللقطة (نغمة رابعة جديدة بعد الموتيف الأصلي.) ثم يفتح أو يضغط المقياس.,يحدث القطع عند اكتمال التحول داخل الكادر أو انتقال ذيل الصوت، لا عند انتهاء مدة اعتباطية.,الورقة والباب الذهبي,وعد بأن الزلة ليست نهاية الإنسان.,تصميم مفاهيمي فقط.,READY_FOR_HUMAN_STORYBOARD_REVIEW
ADAM-DC2-S14-SH05,ADAM-SEQUENCE-14,10,bridge,إغلاق الحلقة على باب لا على هاوية,المسلسل يعد بالعودة لا باليأس,عنوان الحلقة التالية: «الوسوسة، الزلة، والتوبة».,ثبات ثم انطفاء بطيء.,الحركة تخدم «إغلاق الحلقة على باب لا على هاوية»؛ أي حركة لا تغيّر الإدراك أو الضغط تُرفض.,يظهر رقم الحلقة التالية دون أي تشغيل أو مادة مولدة.,ضربة ختامية قصيرة بلا حل كامل.,الصوت يبدأ من مادة اللقطة (ضربة ختامية قصيرة بلا حل كامل.) ثم يفتح أو يضغط المقياس.,يحدث القطع عند اكتمال التحول داخل الكادر أو انتقال ذيل الصوت، لا عند انتهاء مدة اعتباطية.,الورقة والباب الذهبي,إغلاق الحلقة وفتح الاستمرارية.,عنوان فقط.,READY_FOR_HUMAN_STORYBOARD_REVIEW
