queue,rank,window_id,work_source_id,book_id,book_title,sequence_start,sequence_end,page_count,candidate_count,review_priority,aggregate_window_score,tier_A,tier_B,tier_C,tier_D,stages,matched_categories,attribution_profiles,character_count,text_truncated,decision,scope_fit,duplicate_group,reviewer_notes,first_locator
SHORTLIST,1,fc95dde8755ea5efbb4bad11,SRC-HISTORY-TABARI-ADAM,9783,تاريخ الطبري = تاريخ الرسل والملوك، وصلة تاريخ الطبري,81,178,11,93,3971,1167,19,23,51,0,00_GENERAL_ADAM | 01_CREATION_DECREE | 02_CREATION_MATERIAL | 03_SPIRIT_AND_FORM | 04_TEACHING_NAMES | 06_ANGELIC_PROSTRATION | 07_PARADISE_RESIDENCE | 08_HADITH_ANCHORS,ADAM_PRIMARY | ANGELIC_PROSTRATION | CREATION_DECREE | CREATION_MATERIAL | HADITH_ANCHORS | PARADISE_RESIDENCE | SPIRIT_AND_FORM | TEACHING_NAMES,WAHB_IBN_MUNABBIH,18024,True,,,,,
SHORTLIST,2,4758e5ff4159f946e60c45a2,SRC-TAFSIR-IBN-KATHIR-ADAM,1503,تفسير ابن كثير - ط ابن الجوزي,315,349,7,26,2100,622,12,10,4,0,00_GENERAL_ADAM | 01_CREATION_DECREE | 02_CREATION_MATERIAL | 03_SPIRIT_AND_FORM | 04_TEACHING_NAMES | 05_HONOUR_AND_STATUS | 06_ANGELIC_PROSTRATION | 07_PARADISE_RESIDENCE,ADAM_PRIMARY | ANGELIC_PROSTRATION | CREATION_DECREE | CREATION_MATERIAL | HONOUR_AND_STATUS | PARADISE_RESIDENCE | SPIRIT_AND_FORM | TEACHING_NAMES,KAB_AL_AHBAR,18024,True,,,,,
SHORTLIST,3,c8dd1ab86b1d174f6e88169e,SRC-TAFSIR-TABARI-ADAM,7798,تفسير الطبري جامع البيان - ت التركي,474,499,11,23,2057,647,14,8,1,0,00_GENERAL_ADAM | 01_CREATION_DECREE | 02_CREATION_MATERIAL | 03_SPIRIT_AND_FORM | 04_TEACHING_NAMES | 06_ANGELIC_PROSTRATION,ADAM_PRIMARY | ANGELIC_PROSTRATION | CREATION_DECREE | CREATION_MATERIAL | SPIRIT_AND_FORM | TEACHING_NAMES,,18024,True,,,,,
SHORTLIST,4,ecd55c860e9f458931578651,SRC-HISTORY-MUNTAZAM-ADAM,12406,المنتظم في تاريخ الملوك والأمم,171,222,10,40,1828,560,6,15,19,0,00_GENERAL_ADAM | 01_CREATION_DECREE | 02_CREATION_MATERIAL | 03_SPIRIT_AND_FORM | 04_TEACHING_NAMES | 06_ANGELIC_PROSTRATION | 07_PARADISE_RESIDENCE | 08_HADITH_ANCHORS,ADAM_PRIMARY | ANGELIC_PROSTRATION | CREATION_DECREE | CREATION_MATERIAL | HADITH_ANCHORS | PARADISE_RESIDENCE | SPIRIT_AND_FORM | TEACHING_NAMES,WAHB_IBN_MUNABBIH,18024,True,,,,,
SHORTLIST,5,6dc60bc986c042ccc3d97b88,SRC-HISTORY-BIDAYAH-ADAM,4445,البداية والنهاية - ت التركي,157,179,10,18,1588,490,9,6,3,0,00_GENERAL_ADAM | 01_CREATION_DECREE | 02_CREATION_MATERIAL | 03_SPIRIT_AND_FORM | 04_TEACHING_NAMES | 06_ANGELIC_PROSTRATION | 07_PARADISE_RESIDENCE,ADAM_PRIMARY | ANGELIC_PROSTRATION | CREATION_DECREE | CREATION_MATERIAL | PARADISE_RESIDENCE | SPIRIT_AND_FORM | TEACHING_NAMES,WAHB_IBN_MUNABBIH,18024,True,,,,,
SHORTLIST,6,82120fc15378ac20138723cf,SRC-HISTORY-BIDAYAH-ADAM,4445,البداية والنهاية - ت التركي,185,214,10,22,1510,488,9,6,7,0,00_GENERAL_ADAM | 01_CREATION_DECREE | 02_CREATION_MATERIAL | 03_SPIRIT_AND_FORM | 04_TEACHING_NAMES | 06_ANGELIC_PROSTRATION | 07_PARADISE_RESIDENCE | 08_HADITH_ANCHORS,ADAM_PRIMARY | ANGELIC_PROSTRATION | CREATION_DECREE | CREATION_MATERIAL | HADITH_ANCHORS | PARADISE_RESIDENCE | SPIRIT_AND_FORM | TEACHING_NAMES,,18024,True,,,,,
SHORTLIST,7,6b05e3132f88a8111c4d01f2,SRC-HISTORY-KAMIL-ADAM,21712,الكامل في التاريخ - ت تدمري,19,56,9,34,1447,485,7,6,21,0,00_GENERAL_ADAM | 01_CREATION_DECREE | 02_CREATION_MATERIAL | 03_SPIRIT_AND_FORM | 04_TEACHING_NAMES | 06_ANGELIC_PROSTRATION | 07_PARADISE_RESIDENCE,ADAM_PRIMARY | ANGELIC_PROSTRATION | CREATION_DECREE | CREATION_MATERIAL | PARADISE_RESIDENCE | SPIRIT_AND_FORM | TEACHING_NAMES,,18024,True,,,,,
SHORTLIST,8,36e6d012c4212ab5ad9b6da1,SRC-TAFSIR-IBN-ABI-HATIM-ADAM,8658,تفسير ابن أبي حاتم,48,101,7,42,1431,463,3,11,28,0,00_GENERAL_ADAM | 01_CREATION_DECREE | 02_CREATION_MATERIAL | 04_TEACHING_NAMES | 05_HONOUR_AND_STATUS | 06_ANGELIC_PROSTRATION | 07_PARADISE_RESIDENCE,ADAM_PRIMARY | ANGELIC_PROSTRATION | CREATION_DECREE | CREATION_MATERIAL | HONOUR_AND_STATUS | PARADISE_RESIDENCE | TEACHING_NAMES,WAHB_IBN_MUNABBIH,18024,True,,,,,
SHORTLIST,9,7822417dacbe32c4c34b524e,SRC-TAFSIR-TABARI-ADAM,7798,تفسير الطبري جامع البيان - ت التركي,506,523,11,14,928,310,4,8,2,0,00_GENERAL_ADAM | 01_CREATION_DECREE | 02_CREATION_MATERIAL | 04_TEACHING_NAMES | 06_ANGELIC_PROSTRATION | 08_HADITH_ANCHORS,ADAM_PRIMARY | ANGELIC_PROSTRATION | CREATION_DECREE | CREATION_MATERIAL | HADITH_ANCHORS | TEACHING_NAMES,,18023,True,,,,,
SHORTLIST,10,56de7698f54437ea417ef297,SRC-TAFSIR-TABARI-ADAM,7798,تفسير الطبري جامع البيان - ت التركي,557,574,10,12,815,239,2,9,1,0,00_GENERAL_ADAM | 02_CREATION_MATERIAL | 06_ANGELIC_PROSTRATION | 07_PARADISE_RESIDENCE,ADAM_PRIMARY | ANGELIC_PROSTRATION | CREATION_MATERIAL | PARADISE_RESIDENCE,WAHB_IBN_MUNABBIH,18024,True,,,,,
SHORTLIST,11,842c94a95e3adbcb8b8d7347,SRC-HISTORY-BIDAYAH-ADAM,4445,البداية والنهاية - ت التركي,120,134,11,9,751,273,4,4,1,0,00_GENERAL_ADAM | 01_CREATION_DECREE | 02_CREATION_MATERIAL | 03_SPIRIT_AND_FORM | 06_ANGELIC_PROSTRATION,ADAM_PRIMARY | ANGELIC_PROSTRATION | CREATION_DECREE | CREATION_MATERIAL | SPIRIT_AND_FORM,,18024,True,,,,,
SHORTLIST,12,6fa62df965d09ddd459dd5b8,SRC-HISTORY-BIDAYAH-ADAM,4445,البداية والنهاية - ت التركي,223,237,12,11,747,221,4,0,7,0,00_GENERAL_ADAM | 01_CREATION_DECREE | 02_CREATION_MATERIAL | 03_SPIRIT_AND_FORM | 06_ANGELIC_PROSTRATION,ADAM_PRIMARY | ANGELIC_PROSTRATION | CREATION_DECREE | CREATION_MATERIAL | SPIRIT_AND_FORM,KAB_AL_AHBAR,18023,True,,,,,
SHORTLIST,13,97719d941058649117cccb9b,SRC-TAFSIR-TABARI-ADAM,7798,تفسير الطبري جامع البيان - ت التركي,536,550,11,9,706,266,3,5,1,0,00_GENERAL_ADAM | 02_CREATION_MATERIAL | 03_SPIRIT_AND_FORM | 04_TEACHING_NAMES | 06_ANGELIC_PROSTRATION | 07_PARADISE_RESIDENCE,ADAM_PRIMARY | ANGELIC_PROSTRATION | CREATION_MATERIAL | PARADISE_RESIDENCE | SPIRIT_AND_FORM | TEACHING_NAMES,,18024,True,,,,,
SHORTLIST,14,9eed2edbe4b5d7c23bd19c56,SRC-TAFSIR-BAGHAWI-ADAM,41,تفسير البغوي - طيبة,76,87,6,9,679,249,3,4,2,0,00_GENERAL_ADAM | 01_CREATION_DECREE | 02_CREATION_MATERIAL | 04_TEACHING_NAMES | 05_HONOUR_AND_STATUS | 06_ANGELIC_PROSTRATION | 07_PARADISE_RESIDENCE,ADAM_PRIMARY | ANGELIC_PROSTRATION | CREATION_DECREE | CREATION_MATERIAL | HONOUR_AND_STATUS | PARADISE_RESIDENCE | TEACHING_NAMES,,18024,True,,,,,
SHORTLIST,15,30690c525905a898ea4bdd81,SRC-TAFSIR-IBN-ABI-HATIM-ADAM,8658,تفسير ابن أبي حاتم,1437,1451,7,9,670,222,1,7,1,0,00_GENERAL_ADAM | 01_CREATION_DECREE | 03_SPIRIT_AND_FORM | 06_ANGELIC_PROSTRATION | 07_PARADISE_RESIDENCE,ADAM_PRIMARY | ANGELIC_PROSTRATION | CREATION_DECREE | PARADISE_RESIDENCE | SPIRIT_AND_FORM,WAHB_IBN_MUNABBIH,18024,True,,,,,
SHORTLIST,16,69606a01829c587de9b3a1ae,SRC-TAFSIR-TABARI-ADAM,7798,تفسير الطبري جامع البيان - ت التركي,13357,13364,8,5,643,233,4,1,0,0,00_GENERAL_ADAM | 01_CREATION_DECREE | 02_CREATION_MATERIAL | 03_SPIRIT_AND_FORM | 06_ANGELIC_PROSTRATION,ADAM_PRIMARY | ANGELIC_PROSTRATION | CREATION_DECREE | CREATION_MATERIAL | SPIRIT_AND_FORM,,14808,False,,,,,
SHORTLIST,17,77c665c37c70ab8fdc300f09,SRC-TAFSIR-TABARI-ADAM,7798,تفسير الطبري جامع البيان - ت التركي,525,534,10,6,562,202,3,3,0,0,00_GENERAL_ADAM | 01_CREATION_DECREE | 04_TEACHING_NAMES | 05_HONOUR_AND_STATUS | 06_ANGELIC_PROSTRATION,ADAM_PRIMARY | ANGELIC_PROSTRATION | CREATION_DECREE | HONOUR_AND_STATUS | TEACHING_NAMES,,18024,True,,,,,
SHORTLIST,18,0e1709a891b6cda7ead9c4e7,SRC-HISTORY-MUNTAZAM-ADAM,12406,المنتظم في تاريخ الملوك والأمم,148,160,11,7,490,148,1,4,2,0,00_GENERAL_ADAM | 01_CREATION_DECREE | 06_ANGELIC_PROSTRATION,ADAM_PRIMARY | ANGELIC_PROSTRATION | CREATION_DECREE,KAB_AL_AHBAR | WAHB_IBN_MUNABBIH,18024,True,,,,,
SHORTLIST,19,e1527187ffa73e11aba3abf9,SRC-TAFSIR-IBN-KATHIR-ADAM,1503,تفسير ابن كثير - ط ابن الجوزي,351,356,6,3,480,134,2,1,0,0,00_GENERAL_ADAM | 01_CREATION_DECREE | 06_ANGELIC_PROSTRATION,ADAM_PRIMARY | ANGELIC_PROSTRATION | CREATION_DECREE,WAHB_IBN_MUNABBIH,16766,False,,,,,
SHORTLIST,20,e11186389f240df99ded06c9,SRC-TAFSIR-SAADI-ADAM,42,تفسير السعدي = تيسير الكريم الرحمن,541,555,12,9,477,187,2,2,5,0,00_GENERAL_ADAM | 01_CREATION_DECREE | 02_CREATION_MATERIAL | 06_ANGELIC_PROSTRATION | 07_PARADISE_RESIDENCE,ADAM_PRIMARY | ANGELIC_PROSTRATION | CREATION_DECREE | CREATION_MATERIAL | PARADISE_RESIDENCE,,18024,True,,,,,
SHORTLIST,21,130661e6a76cee4f1512a2c9,SRC-TAFSIR-IBN-KATHIR-ADAM,1503,تفسير ابن كثير - ط ابن الجوزي,3352,3355,4,2,465,137,2,0,0,0,00_GENERAL_ADAM | 01_CREATION_DECREE | 02_CREATION_MATERIAL | 03_SPIRIT_AND_FORM,ADAM_PRIMARY | CREATION_DECREE | CREATION_MATERIAL | SPIRIT_AND_FORM,KAB_AL_AHBAR,11715,False,,,,,
SHORTLIST,22,157dfa2875c5eef0d63593e7,SRC-TAFSIR-TABARI-ADAM,7798,تفسير الطبري جامع البيان - ت التركي,9341,9348,8,5,464,150,1,1,3,0,00_GENERAL_ADAM | 01_CREATION_DECREE | 02_CREATION_MATERIAL | 03_SPIRIT_AND_FORM | 06_ANGELIC_PROSTRATION,ADAM_PRIMARY | ANGELIC_PROSTRATION | CREATION_DECREE | CREATION_MATERIAL | SPIRIT_AND_FORM,WAHB_IBN_MUNABBIH,14344,False,,,,,
SHORTLIST,23,c5e813e1eea4ca77eeda2fc3,SRC-TAFSIR-TABARI-ADAM,7798,تفسير الطبري جامع البيان - ت التركي,6611,6615,5,3,460,172,3,0,0,0,00_GENERAL_ADAM | 01_CREATION_DECREE | 02_CREATION_MATERIAL | 06_ANGELIC_PROSTRATION,ADAM_PRIMARY | ANGELIC_PROSTRATION | CREATION_DECREE | CREATION_MATERIAL,,8999,False,,,,,
SHORTLIST,24,4aab5b845f55f22e5730aa48,SRC-TAFSIR-SAADI-ADAM,42,تفسير السعدي = تيسير الكريم الرحمن,45,49,5,3,455,203,2,0,1,0,00_GENERAL_ADAM | 01_CREATION_DECREE | 02_CREATION_MATERIAL | 04_TEACHING_NAMES | 05_HONOUR_AND_STATUS | 06_ANGELIC_PROSTRATION | 07_PARADISE_RESIDENCE,ADAM_PRIMARY | ANGELIC_PROSTRATION | CREATION_DECREE | CREATION_MATERIAL | HONOUR_AND_STATUS | PARADISE_RESIDENCE | TEACHING_NAMES,,11610,False,,,,,
SHORTLIST,25,b9cdee4a9fc424c4ecccbc4c,SRC-TAFSIR-TABARI-ADAM,7798,تفسير الطبري جامع البيان - ت التركي,7071,7087,10,9,451,169,1,6,2,0,00_GENERAL_ADAM | 01_CREATION_DECREE | 03_SPIRIT_AND_FORM,ADAM_PRIMARY | CREATION_DECREE | SPIRIT_AND_FORM,,18024,True,,,,,
SHORTLIST,26,d432b6fd83e9ac644e5b96d8,SRC-TAFSIR-IBN-KATHIR-ADAM,1503,تفسير ابن كثير - ط ابن الجوزي,2443,2450,6,4,437,187,2,2,0,0,00_GENERAL_ADAM | 01_CREATION_DECREE | 02_CREATION_MATERIAL | 03_SPIRIT_AND_FORM | 06_ANGELIC_PROSTRATION,ADAM_PRIMARY | ANGELIC_PROSTRATION | CREATION_DECREE | CREATION_MATERIAL | SPIRIT_AND_FORM,,18023,True,,,,,
SHORTLIST,27,f06b5659e8ac8d279bd37a73,SRC-HISTORY-BIDAYAH-ADAM,4445,البداية والنهاية - ت التركي,1065,1074,10,5,422,120,1,1,3,0,00_GENERAL_ADAM | 01_CREATION_DECREE | 02_CREATION_MATERIAL | 03_SPIRIT_AND_FORM,ADAM_PRIMARY | CREATION_DECREE | CREATION_MATERIAL | SPIRIT_AND_FORM,KAB_AL_AHBAR | WAHB_IBN_MUNABBIH,17421,False,,,,,
SHORTLIST,28,c990e5f9c5fe845870c10155,SRC-TAFSIR-TABARI-ADAM,7798,تفسير الطبري جامع البيان - ت التركي,3393,3400,8,6,415,149,1,5,0,0,00_GENERAL_ADAM | 01_CREATION_DECREE | 02_CREATION_MATERIAL,ADAM_PRIMARY | CREATION_DECREE | CREATION_MATERIAL,,14176,False,,,,,
SHORTLIST,29,a6a710910d8fe66122a3864c,SRC-TAFSIR-IBN-KATHIR-ADAM,1503,تفسير ابن كثير - ط ابن الجوزي,1809,1812,4,2,393,173,2,0,0,0,00_GENERAL_ADAM | 01_CREATION_DECREE | 02_CREATION_MATERIAL | 03_SPIRIT_AND_FORM | 06_ANGELIC_PROSTRATION,ADAM_PRIMARY | ANGELIC_PROSTRATION | CREATION_DECREE | CREATION_MATERIAL | SPIRIT_AND_FORM,,11343,False,,,,,
SHORTLIST,30,af172952b4ca05bf576f56b9,SRC-TAFSIR-SAADI-ADAM,42,تفسير السعدي = تيسير الكريم الرحمن,923,926,4,2,385,165,2,0,0,0,00_GENERAL_ADAM | 01_CREATION_DECREE | 02_CREATION_MATERIAL | 03_SPIRIT_AND_FORM | 06_ANGELIC_PROSTRATION,ADAM_PRIMARY | ANGELIC_PROSTRATION | CREATION_DECREE | CREATION_MATERIAL | SPIRIT_AND_FORM,,7837,False,,,,,
SHORTLIST,31,9193c585020feb93d8cb1eaa,SRC-TAFSIR-IBN-KATHIR-ADAM,1503,تفسير ابن كثير - ط ابن الجوزي,3648,3651,4,2,379,159,2,0,0,0,00_GENERAL_ADAM | 01_CREATION_DECREE | 02_CREATION_MATERIAL | 03_SPIRIT_AND_FORM | 06_ANGELIC_PROSTRATION,ADAM_PRIMARY | ANGELIC_PROSTRATION | CREATION_DECREE | CREATION_MATERIAL | SPIRIT_AND_FORM,,11847,False,,,,,
SHORTLIST,32,bd440ba20e6607ec3e5b7180,SRC-TAFSIR-BAGHAWI-ADAM,41,تفسير البغوي - طيبة,1759,1767,8,4,377,149,2,1,1,0,00_GENERAL_ADAM | 01_CREATION_DECREE | 02_CREATION_MATERIAL | 03_SPIRIT_AND_FORM | 06_ANGELIC_PROSTRATION,ADAM_PRIMARY | ANGELIC_PROSTRATION | CREATION_DECREE | CREATION_MATERIAL | SPIRIT_AND_FORM,,18024,True,,,,,
SHORTLIST,33,d730343f435859bdfb3c00a6,SRC-TAFSIR-TABARI-ADAM,7798,تفسير الطبري جامع البيان - ت التركي,7146,7159,10,8,375,141,0,8,0,0,00_GENERAL_ADAM | 06_ANGELIC_PROSTRATION,ADAM_PRIMARY | ANGELIC_PROSTRATION,,18024,True,,,,,
SHORTLIST,34,dcead972f2e21e22cc8909a7,SRC-TAFSIR-IBN-KATHIR-ADAM,1503,تفسير ابن كثير - ط ابن الجوزي,998,1005,6,5,370,156,2,0,3,0,00_GENERAL_ADAM | 01_CREATION_DECREE | 02_CREATION_MATERIAL | 06_ANGELIC_PROSTRATION | 07_PARADISE_RESIDENCE,ADAM_PRIMARY | ANGELIC_PROSTRATION | CREATION_DECREE | CREATION_MATERIAL | PARADISE_RESIDENCE,,18024,True,,,,,
SHORTLIST,35,6719c5ba9b6c89176bc7ba6b,SRC-TAFSIR-BAGHAWI-ADAM,41,تفسير البغوي - طيبة,1621,1627,7,4,367,111,0,2,2,0,00_GENERAL_ADAM | 01_CREATION_DECREE | 02_CREATION_MATERIAL | 03_SPIRIT_AND_FORM | 06_ANGELIC_PROSTRATION,ADAM_PRIMARY | ANGELIC_PROSTRATION | CREATION_DECREE | CREATION_MATERIAL | SPIRIT_AND_FORM,WAHB_IBN_MUNABBIH,16534,False,,,,,
SHORTLIST,36,1058089e94ef260fb04c5632,SRC-TAFSIR-IBN-KATHIR-ADAM,1503,تفسير ابن كثير - ط ابن الجوزي,2685,2689,5,3,361,161,1,2,0,0,00_GENERAL_ADAM | 01_CREATION_DECREE | 02_CREATION_MATERIAL | 03_SPIRIT_AND_FORM | 06_ANGELIC_PROSTRATION,ADAM_PRIMARY | ANGELIC_PROSTRATION | CREATION_DECREE | CREATION_MATERIAL | SPIRIT_AND_FORM,,15256,False,,,,,
SHORTLIST,37,1ca47360c50ffbf84c33ed01,SRC-TAFSIR-TABARI-ADAM,7798,تفسير الطبري جامع البيان - ت التركي,12515,12518,4,2,361,153,2,0,0,0,00_GENERAL_ADAM | 01_CREATION_DECREE | 02_CREATION_MATERIAL | 03_SPIRIT_AND_FORM,ADAM_PRIMARY | CREATION_DECREE | CREATION_MATERIAL | SPIRIT_AND_FORM,,6779,False,,,,,
SHORTLIST,38,f752d9421479110788fbd363,SRC-TAFSIR-BAGHAWI-ADAM,41,تفسير البغوي - طيبة,1008,1023,8,8,352,144,1,3,4,0,00_GENERAL_ADAM | 06_ANGELIC_PROSTRATION | 07_PARADISE_RESIDENCE,ADAM_PRIMARY | ANGELIC_PROSTRATION | PARADISE_RESIDENCE,,18024,True,,,,,
SHORTLIST,39,d311ad0a86aa95adfaeffe85,SRC-HISTORY-BIDAYAH-ADAM,4445,البداية والنهاية - ت التركي,265,269,5,3,351,99,1,0,2,0,00_GENERAL_ADAM | 01_CREATION_DECREE | 03_SPIRIT_AND_FORM,ADAM_PRIMARY | CREATION_DECREE | SPIRIT_AND_FORM,KAB_AL_AHBAR,9821,False,,,,,
SHORTLIST,40,3da1517fc571baa7411840cc,SRC-TAFSIR-IBN-KATHIR-ADAM,1503,تفسير ابن كثير - ط ابن الجوزي,2611,2614,4,2,346,138,2,0,0,0,00_GENERAL_ADAM | 01_CREATION_DECREE | 02_CREATION_MATERIAL | 06_ANGELIC_PROSTRATION,ADAM_PRIMARY | ANGELIC_PROSTRATION | CREATION_DECREE | CREATION_MATERIAL,,11382,False,,,,,
SHORTLIST,41,09867b6b744700570dd04bf7,SRC-TAFSIR-TABARI-ADAM,7798,تفسير الطبري جامع البيان - ت التركي,12392,12395,4,2,345,137,2,0,0,0,00_GENERAL_ADAM | 01_CREATION_DECREE | 02_CREATION_MATERIAL | 07_PARADISE_RESIDENCE,ADAM_PRIMARY | CREATION_DECREE | CREATION_MATERIAL | PARADISE_RESIDENCE,,7456,False,,,,,
SHORTLIST,42,195af02927347763c7e23adc,SRC-TAFSIR-IBN-ABI-HATIM-ADAM,8658,تفسير ابن أبي حاتم,211,247,7,23,339,139,0,1,22,0,00_GENERAL_ADAM | 06_ANGELIC_PROSTRATION,ADAM_PRIMARY | ANGELIC_PROSTRATION,,18023,True,,,,,
SHORTLIST,43,b313038792106649e50247ee,SRC-TAFSIR-IBN-KATHIR-ADAM,1503,تفسير ابن كثير - ط ابن الجوزي,1417,1427,7,6,333,135,2,0,4,0,00_GENERAL_ADAM | 01_CREATION_DECREE | 03_SPIRIT_AND_FORM,ADAM_PRIMARY | CREATION_DECREE | SPIRIT_AND_FORM,,18024,True,,,,,
SHORTLIST,44,8360623b76524aacc9944eae,SRC-TAFSIR-IBN-ABI-HATIM-ADAM,8658,تفسير ابن أبي حاتم,106,126,7,17,329,91,0,0,17,0,00_GENERAL_ADAM,ADAM_PRIMARY,WAHB_IBN_MUNABBIH,18023,True,,,,,
SHORTLIST,45,7b0ef97e83f84e937b247d40,SRC-TAFSIR-TABARI-ADAM,7798,تفسير الطبري جامع البيان - ت التركي,14673,14678,6,3,326,138,1,2,0,0,00_GENERAL_ADAM | 01_CREATION_DECREE | 02_CREATION_MATERIAL | 06_ANGELIC_PROSTRATION,ADAM_PRIMARY | ANGELIC_PROSTRATION | CREATION_DECREE | CREATION_MATERIAL,,9657,False,,,,,
SHORTLIST,46,b68db3ffa1d05aaee32d8e01,SRC-TAFSIR-IBN-ABI-HATIM-ADAM,8658,تفسير ابن أبي حاتم,135,172,7,26,317,127,0,0,26,0,00_GENERAL_ADAM,ADAM_PRIMARY,,18024,True,,,,,
SHORTLIST,47,e3bfa57f820206715ad6e9be,SRC-TAFSIR-TABARI-ADAM,7798,تفسير الطبري جامع البيان - ت التركي,6000,6005,6,2,316,120,2,0,0,0,00_GENERAL_ADAM | 01_CREATION_DECREE | 02_CREATION_MATERIAL,ADAM_PRIMARY | CREATION_DECREE | CREATION_MATERIAL,,10308,False,,,,,
SHORTLIST,48,484a22912f6d138342fdbbf0,SRC-TAFSIR-TABARI-ADAM,7798,تفسير الطبري جامع البيان - ت التركي,10773,10784,11,7,313,131,0,6,1,0,00_GENERAL_ADAM | 06_ANGELIC_PROSTRATION,ADAM_PRIMARY | ANGELIC_PROSTRATION,,18024,True,,,,,
SHORTLIST,49,aac3657c3396a95405ac97ab,SRC-TAFSIR-IBN-ABI-HATIM-ADAM,8658,تفسير ابن أبي حاتم,3491,3497,7,3,307,119,1,2,0,0,00_GENERAL_ADAM | 01_CREATION_DECREE | 03_SPIRIT_AND_FORM | 06_ANGELIC_PROSTRATION,ADAM_PRIMARY | ANGELIC_PROSTRATION | CREATION_DECREE | SPIRIT_AND_FORM,,8939,False,,,,,
SHORTLIST,50,2127ebd7b399733a041d7f6c,SRC-TAFSIR-TABARI-ADAM,7798,تفسير الطبري جامع البيان - ت التركي,6600,6604,5,3,307,119,1,2,0,0,00_GENERAL_ADAM | 01_CREATION_DECREE | 02_CREATION_MATERIAL | 06_ANGELIC_PROSTRATION,ADAM_PRIMARY | ANGELIC_PROSTRATION | CREATION_DECREE | CREATION_MATERIAL,,8774,False,,,,,
SHORTLIST,51,c631c95f61ee66f2f7cbc0b3,SRC-TAFSIR-BAGHAWI-ADAM,41,تفسير البغوي - طيبة,2686,2694,9,4,305,149,1,1,2,0,00_GENERAL_ADAM | 01_CREATION_DECREE | 02_CREATION_MATERIAL | 03_SPIRIT_AND_FORM | 06_ANGELIC_PROSTRATION,ADAM_PRIMARY | ANGELIC_PROSTRATION | CREATION_DECREE | CREATION_MATERIAL | SPIRIT_AND_FORM,,18024,True,,,,,
SHORTLIST,52,4ee41dd27c2360b4b36541f1,SRC-TAFSIR-IBN-KATHIR-ADAM,1503,تفسير ابن كثير - ط ابن الجوزي,3301,3304,4,2,305,135,1,1,0,0,00_GENERAL_ADAM | 01_CREATION_DECREE | 02_CREATION_MATERIAL | 03_SPIRIT_AND_FORM | 08_HADITH_ANCHORS,ADAM_PRIMARY | CREATION_DECREE | CREATION_MATERIAL | HADITH_ANCHORS | SPIRIT_AND_FORM,,12297,False,,,,,
SHORTLIST,53,06c005d586b9c9794f75a3f3,SRC-TAFSIR-IBN-KATHIR-ADAM,1503,تفسير ابن كثير - ط ابن الجوزي,2971,2976,6,2,284,126,1,1,0,0,00_GENERAL_ADAM | 01_CREATION_DECREE | 02_CREATION_MATERIAL | 08_HADITH_ANCHORS,ADAM_PRIMARY | CREATION_DECREE | CREATION_MATERIAL | HADITH_ANCHORS,,17613,False,,,,,
SHORTLIST,54,9f75a7c9245f07987d17f922,SRC-HISTORY-MUNTAZAM-ADAM,12406,المنتظم في تاريخ الملوك والأمم,102,107,6,3,282,70,0,2,1,0,00_GENERAL_ADAM | 01_CREATION_DECREE,ADAM_PRIMARY | CREATION_DECREE,KAB_AL_AHBAR,11997,False,,,,,
SHORTLIST,55,8ba40b8eb91060e67fbd5bf7,SRC-HISTORY-BIDAYAH-ADAM,4445,البداية والنهاية - ت التركي,934,941,8,4,270,108,1,1,2,0,00_GENERAL_ADAM | 01_CREATION_DECREE | 05_HONOUR_AND_STATUS,ADAM_PRIMARY | CREATION_DECREE | HONOUR_AND_STATUS,,14105,False,,,,,
SHORTLIST,56,f571093401615ab0f45d9ae5,SRC-TAFSIR-SAADI-ADAM,42,تفسير السعدي = تيسير الكريم الرحمن,1618,1620,3,1,269,129,1,0,0,0,00_GENERAL_ADAM | 01_CREATION_DECREE | 02_CREATION_MATERIAL | 03_SPIRIT_AND_FORM | 06_ANGELIC_PROSTRATION,ADAM_PRIMARY | ANGELIC_PROSTRATION | CREATION_DECREE | CREATION_MATERIAL | SPIRIT_AND_FORM,,9166,False,,,,,
SHORTLIST,57,61cb4677de52d9b98deaa4cd,SRC-HISTORY-BIDAYAH-ADAM,4445,البداية والنهاية - ت التركي,958,965,8,3,263,109,1,1,1,0,00_GENERAL_ADAM | 01_CREATION_DECREE | 07_PARADISE_RESIDENCE,ADAM_PRIMARY | CREATION_DECREE | PARADISE_RESIDENCE,,15853,False,,,,,
SHORTLIST,58,1e8c307040e32fb58931b159,SRC-HISTORY-TABARI-ADAM,9783,تاريخ الطبري = تاريخ الرسل والملوك، وصلة تاريخ الطبري,589,594,6,3,262,108,1,1,1,0,00_GENERAL_ADAM | 01_CREATION_DECREE | 06_ANGELIC_PROSTRATION,ADAM_PRIMARY | ANGELIC_PROSTRATION | CREATION_DECREE,,10474,False,,,,,
SHORTLIST,59,3445b9e9351d3fa5dc589e6a,SRC-HISTORY-BIDAYAH-ADAM,4445,البداية والنهاية - ت التركي,1,5,5,2,261,103,1,1,0,0,00_GENERAL_ADAM | 01_CREATION_DECREE | 02_CREATION_MATERIAL | 03_SPIRIT_AND_FORM,ADAM_PRIMARY | CREATION_DECREE | CREATION_MATERIAL | SPIRIT_AND_FORM,,10031,False,,,,,
SHORTLIST,60,ecbd97a719a3b56aea7d3f94,SRC-TAFSIR-SAADI-ADAM,42,تفسير السعدي = تيسير الكريم الرحمن,1027,1032,6,2,256,120,1,0,1,0,00_GENERAL_ADAM | 01_CREATION_DECREE | 02_CREATION_MATERIAL | 06_ANGELIC_PROSTRATION,ADAM_PRIMARY | ANGELIC_PROSTRATION | CREATION_DECREE | CREATION_MATERIAL,,11463,False,,,,,
SHORTLIST,61,23c2d9956626a300c0f945b2,SRC-TAFSIR-IBN-KATHIR-ADAM,1503,تفسير ابن كثير - ط ابن الجوزي,2899,2905,7,4,255,111,1,1,2,0,00_GENERAL_ADAM | 02_CREATION_MATERIAL | 03_SPIRIT_AND_FORM | 06_ANGELIC_PROSTRATION,ADAM_PRIMARY | ANGELIC_PROSTRATION | CREATION_MATERIAL | SPIRIT_AND_FORM,,18024,True,,,,,
SHORTLIST,62,072dc19337c0229482752f56,SRC-TAFSIR-BAGHAWI-ADAM,41,تفسير البغوي - طيبة,896,899,4,2,252,106,1,1,0,0,00_GENERAL_ADAM | 01_CREATION_DECREE | 02_CREATION_MATERIAL,ADAM_PRIMARY | CREATION_DECREE | CREATION_MATERIAL,,11600,False,,,,,
SHORTLIST,63,1b2b62e49e7861f35705d179,SRC-TAFSIR-BAGHAWI-ADAM,41,تفسير البغوي - طيبة,2019,2022,2,2,241,67,0,2,0,0,00_GENERAL_ADAM | 06_ANGELIC_PROSTRATION,ADAM_PRIMARY | ANGELIC_PROSTRATION,KAB_AL_AHBAR | WAHB_IBN_MUNABBIH,18024,True,,,,,
SHORTLIST,64,f243e96e5bec698e7c6eb72c,SRC-HISTORY-MUNTAZAM-ADAM,12406,المنتظم في تاريخ الملوك والأمم,433,438,6,2,229,55,0,1,0,1,00_GENERAL_ADAM | 06_ANGELIC_PROSTRATION,ADAM_PRIMARY | ANGELIC_PROSTRATION,KAB_AL_AHBAR,11838,False,,,,,
SHORTLIST,65,2985f5379149aa7a1eea3908,SRC-HISTORY-TABARI-ADAM,9783,تاريخ الطبري = تاريخ الرسل والملوك، وصلة تاريخ الطبري,858,864,7,4,205,41,0,0,4,0,00_GENERAL_ADAM,ADAM_PRIMARY,WAHB_IBN_MUNABBIH,12161,False,,,,,
SHORTLIST,66,30647625c2bc81e81682f3a0,SRC-HISTORY-MUNTAZAM-ADAM,12406,المنتظم في تاريخ الملوك والأمم,248,253,6,3,191,35,0,0,3,0,00_GENERAL_ADAM,ADAM_PRIMARY,WAHB_IBN_MUNABBIH,13034,False,,,,,
SHORTLIST,67,991b38f8cc3a5d2aee1bdab5,SRC-HISTORY-KAMIL-ADAM,21712,الكامل في التاريخ - ت تدمري,67,69,3,1,167,27,0,0,1,0,00_GENERAL_ADAM,ADAM_PRIMARY,WAHB_IBN_MUNABBIH,5159,False,,,,,
SHORTLIST,68,8d12571c3a659c44c1cbb59e,SRC-HISTORY-TABARI-ADAM,9783,تاريخ الطبري = تاريخ الرسل والملوك، وصلة تاريخ الطبري,362,364,3,1,167,27,0,0,1,0,00_GENERAL_ADAM,ADAM_PRIMARY,WAHB_IBN_MUNABBIH,5404,False,,,,,
SHORTLIST,69,e5f0c778649c98e42c12c3d9,SRC-HISTORY-KAMIL-ADAM,21712,الكامل في التاريخ - ت تدمري,60,64,5,2,121,59,0,1,1,0,00_GENERAL_ADAM | 06_ANGELIC_PROSTRATION,ADAM_PRIMARY | ANGELIC_PROSTRATION,,9610,False,,,,,
SHORTLIST,70,cbe15a60dddfae085585abce,SRC-HISTORY-KAMIL-ADAM,21712,الكامل في التاريخ - ت تدمري,11,13,3,1,108,54,0,1,0,0,00_GENERAL_ADAM | 01_CREATION_DECREE,ADAM_PRIMARY | CREATION_DECREE,,4399,False,,,,,
SHORTLIST,71,4da39da43625f3221fac0539,SRC-HISTORY-KAMIL-ADAM,21712,الكامل في التاريخ - ت تدمري,1205,1207,3,1,105,51,0,1,0,0,00_GENERAL_ADAM | 05_HONOUR_AND_STATUS,ADAM_PRIMARY | HONOUR_AND_STATUS,,7056,False,,,,,
SHORTLIST,72,a17d7b8d39d98a50971eeeb1,SRC-HISTORY-TABARI-ADAM,9783,تاريخ الطبري = تاريخ الرسل والملوك، وصلة تاريخ الطبري,2215,2217,3,1,105,51,0,1,0,0,00_GENERAL_ADAM | 05_HONOUR_AND_STATUS,ADAM_PRIMARY | HONOUR_AND_STATUS,,7320,False,,,,,
