work_source_id,book_id,book_title,window_id,sequence_start,sequence_end,page_count,candidate_count,maximum_candidate_score,aggregate_window_score,tier_A,tier_B,tier_C,tier_D,matched_categories,attribution_profiles,character_count,text_truncated,human_status,include_for_gemini,scope_fit,duplicate_group,reviewer_notes,first_locator
SRC-HISTORY-BIDAYAH-ADAM,4445,البداية والنهاية - ت التركي,6dc60bc986c042ccc3d97b88,157,179,10,18,101,490,9,6,3,0,ADAM_PRIMARY | ANGELIC_PROSTRATION | CREATION_DECREE | CREATION_MATERIAL | PARADISE_RESIDENCE | SPIRIT_AND_FORM | TEACHING_NAMES,WAHB_IBN_MUNABBIH,18024,True,PENDING,,,,,shamela://local/5ac170a3045185ccf78e81ebd473cafb8069279b898836fd768c78de76a3d8e5/book/4445/volume/1/page/159?database_sha256=a48b153a0a451ce0f63625bee7fa294a88d8dbbc5db4b9472afa652260b74b3b&segment_id=157
SRC-HISTORY-BIDAYAH-ADAM,4445,البداية والنهاية - ت التركي,82120fc15378ac20138723cf,185,214,10,22,78,488,9,6,7,0,ADAM_PRIMARY | ANGELIC_PROSTRATION | CREATION_DECREE | CREATION_MATERIAL | HADITH_ANCHORS | PARADISE_RESIDENCE | SPIRIT_AND_FORM | TEACHING_NAMES,,18024,True,PENDING,,,,,shamela://local/5ac170a3045185ccf78e81ebd473cafb8069279b898836fd768c78de76a3d8e5/book/4445/volume/1/page/186?database_sha256=a48b153a0a451ce0f63625bee7fa294a88d8dbbc5db4b9472afa652260b74b3b&segment_id=185
SRC-HISTORY-BIDAYAH-ADAM,4445,البداية والنهاية - ت التركي,842c94a95e3adbcb8b8d7347,120,134,11,9,76,273,4,4,1,0,ADAM_PRIMARY | ANGELIC_PROSTRATION | CREATION_DECREE | CREATION_MATERIAL | SPIRIT_AND_FORM,,18024,True,PENDING,,,,,shamela://local/5ac170a3045185ccf78e81ebd473cafb8069279b898836fd768c78de76a3d8e5/book/4445/volume/1/page/122?database_sha256=a48b153a0a451ce0f63625bee7fa294a88d8dbbc5db4b9472afa652260b74b3b&segment_id=120
SRC-HISTORY-BIDAYAH-ADAM,4445,البداية والنهاية - ت التركي,6fa62df965d09ddd459dd5b8,223,237,12,11,48,221,4,0,7,0,ADAM_PRIMARY | ANGELIC_PROSTRATION | CREATION_DECREE | CREATION_MATERIAL | SPIRIT_AND_FORM,KAB_AL_AHBAR,18023,True,PENDING,,,,,shamela://local/5ac170a3045185ccf78e81ebd473cafb8069279b898836fd768c78de76a3d8e5/book/4445/volume/1/page/224?database_sha256=a48b153a0a451ce0f63625bee7fa294a88d8dbbc5db4b9472afa652260b74b3b&segment_id=223
SRC-HISTORY-BIDAYAH-ADAM,4445,البداية والنهاية - ت التركي,f06b5659e8ac8d279bd37a73,1065,1074,10,5,46,120,1,1,3,0,ADAM_PRIMARY | CREATION_DECREE | CREATION_MATERIAL | SPIRIT_AND_FORM,KAB_AL_AHBAR | WAHB_IBN_MUNABBIH,17421,False,PENDING,,,,,shamela://local/5ac170a3045185ccf78e81ebd473cafb8069279b898836fd768c78de76a3d8e5/book/4445/volume/2/page/546?database_sha256=a48b153a0a451ce0f63625bee7fa294a88d8dbbc5db4b9472afa652260b74b3b&segment_id=1065
SRC-HISTORY-BIDAYAH-ADAM,4445,البداية والنهاية - ت التركي,61cb4677de52d9b98deaa4cd,958,965,8,3,48,109,1,1,1,0,ADAM_PRIMARY | CREATION_DECREE | PARADISE_RESIDENCE,,15853,False,PENDING,,,,,shamela://local/5ac170a3045185ccf78e81ebd473cafb8069279b898836fd768c78de76a3d8e5/book/4445/volume/2/page/439?database_sha256=a48b153a0a451ce0f63625bee7fa294a88d8dbbc5db4b9472afa652260b74b3b&segment_id=958
SRC-HISTORY-BIDAYAH-ADAM,4445,البداية والنهاية - ت التركي,8ba40b8eb91060e67fbd5bf7,934,941,8,4,43,108,1,1,2,0,ADAM_PRIMARY | CREATION_DECREE | HONOUR_AND_STATUS,,14105,False,PENDING,,,,,shamela://local/5ac170a3045185ccf78e81ebd473cafb8069279b898836fd768c78de76a3d8e5/book/4445/volume/2/page/415?database_sha256=a48b153a0a451ce0f63625bee7fa294a88d8dbbc5db4b9472afa652260b74b3b&segment_id=934
SRC-HISTORY-BIDAYAH-ADAM,4445,البداية والنهاية - ت التركي,13eee9ae6e97958102a8f475,5262,5264,3,1,58,108,1,0,0,0,ADAM_PRIMARY | ANGELIC_PROSTRATION | CREATION_DECREE | CREATION_MATERIAL,,5173,False,PENDING,,,,,shamela://local/5ac170a3045185ccf78e81ebd473cafb8069279b898836fd768c78de76a3d8e5/book/4445/volume/9/page/389?database_sha256=a48b153a0a451ce0f63625bee7fa294a88d8dbbc5db4b9472afa652260b74b3b&segment_id=5262
SRC-HISTORY-BIDAYAH-ADAM,4445,البداية والنهاية - ت التركي,3445b9e9351d3fa5dc589e6a,1,5,5,2,41,103,1,1,0,0,ADAM_PRIMARY | CREATION_DECREE | CREATION_MATERIAL | SPIRIT_AND_FORM,,10031,False,PENDING,,,,,shamela://local/5ac170a3045185ccf78e81ebd473cafb8069279b898836fd768c78de76a3d8e5/book/4445/volume/1/page/3?database_sha256=a48b153a0a451ce0f63625bee7fa294a88d8dbbc5db4b9472afa652260b74b3b&segment_id=1
SRC-HISTORY-BIDAYAH-ADAM,4445,البداية والنهاية - ت التركي,7ba7f824f096eba9496f7a77,12827,12830,4,2,44,101,1,1,0,0,ADAM_PRIMARY | CREATION_DECREE | SPIRIT_AND_FORM,,5987,False,PENDING,,,,,shamela://local/5ac170a3045185ccf78e81ebd473cafb8069279b898836fd768c78de76a3d8e5/book/4445/volume/20/page/110?database_sha256=a48b153a0a451ce0f63625bee7fa294a88d8dbbc5db4b9472afa652260b74b3b&segment_id=12827
SRC-HISTORY-BIDAYAH-ADAM,4445,البداية والنهاية - ت التركي,d311ad0a86aa95adfaeffe85,265,269,5,3,46,99,1,0,2,0,ADAM_PRIMARY | CREATION_DECREE | SPIRIT_AND_FORM,KAB_AL_AHBAR,9821,False,PENDING,,,,,shamela://local/5ac170a3045185ccf78e81ebd473cafb8069279b898836fd768c78de76a3d8e5/book/4445/volume/1/page/265?database_sha256=a48b153a0a451ce0f63625bee7fa294a88d8dbbc5db4b9472afa652260b74b3b&segment_id=265
SRC-HISTORY-BIDAYAH-ADAM,4445,البداية والنهاية - ت التركي,54b0c986303e4dfb8dfcefe8,643,646,4,2,46,95,1,0,1,0,ADAM_PRIMARY | CREATION_DECREE | SPIRIT_AND_FORM,,7839,False,PENDING,,,,,shamela://local/5ac170a3045185ccf78e81ebd473cafb8069279b898836fd768c78de76a3d8e5/book/4445/volume/2/page/124?database_sha256=a48b153a0a451ce0f63625bee7fa294a88d8dbbc5db4b9472afa652260b74b3b&segment_id=643
SRC-HISTORY-BIDAYAH-ADAM,4445,البداية والنهاية - ت التركي,ee03008748b75f121fa0e16c,8551,8553,3,1,47,92,1,0,0,0,ADAM_PRIMARY | ANGELIC_PROSTRATION | CREATION_DECREE,,4950,False,PENDING,,,,,shamela://local/5ac170a3045185ccf78e81ebd473cafb8069279b898836fd768c78de76a3d8e5/book/4445/volume/14/page/207?database_sha256=a48b153a0a451ce0f63625bee7fa294a88d8dbbc5db4b9472afa652260b74b3b&segment_id=8551
SRC-HISTORY-BIDAYAH-ADAM,4445,البداية والنهاية - ت التركي,692c95a743603a6c14df1465,793,795,3,1,46,91,1,0,0,0,ADAM_PRIMARY | CREATION_DECREE | SPIRIT_AND_FORM,,5695,False,PENDING,,,,,shamela://local/5ac170a3045185ccf78e81ebd473cafb8069279b898836fd768c78de76a3d8e5/book/4445/volume/2/page/274?database_sha256=a48b153a0a451ce0f63625bee7fa294a88d8dbbc5db4b9472afa652260b74b3b&segment_id=793
SRC-HISTORY-BIDAYAH-ADAM,4445,البداية والنهاية - ت التركي,6385571fe2e127148c5b31e8,474,476,3,1,44,89,1,0,0,0,ADAM_PRIMARY | CREATION_DECREE | SPIRIT_AND_FORM,,6290,False,PENDING,,,,,shamela://local/5ac170a3045185ccf78e81ebd473cafb8069279b898836fd768c78de76a3d8e5/book/4445/volume/1/page/471?database_sha256=a48b153a0a451ce0f63625bee7fa294a88d8dbbc5db4b9472afa652260b74b3b&segment_id=474
SRC-HISTORY-BIDAYAH-ADAM,4445,البداية والنهاية - ت التركي,673e4160b5c0e07508115ba8,1190,1192,3,1,44,89,1,0,0,0,ADAM_PRIMARY | CREATION_DECREE | SPIRIT_AND_FORM,,4838,False,PENDING,,,,,shamela://local/5ac170a3045185ccf78e81ebd473cafb8069279b898836fd768c78de76a3d8e5/book/4445/volume/3/page/89?database_sha256=a48b153a0a451ce0f63625bee7fa294a88d8dbbc5db4b9472afa652260b74b3b&segment_id=1190
SRC-HISTORY-BIDAYAH-ADAM,4445,البداية والنهاية - ت التركي,c5a4ade6463b438ea8f5dc1a,12561,12568,8,3,32,78,0,3,0,0,ADAM_PRIMARY | CREATION_DECREE,,14441,False,PENDING,,,,,shamela://local/5ac170a3045185ccf78e81ebd473cafb8069279b898836fd768c78de76a3d8e5/book/4445/volume/19/page/357?database_sha256=a48b153a0a451ce0f63625bee7fa294a88d8dbbc5db4b9472afa652260b74b3b&segment_id=12561
SRC-HISTORY-BIDAYAH-ADAM,4445,البداية والنهاية - ت التركي,d938ad3a6b54de721f986505,245,250,6,3,33,76,0,2,1,0,ADAM_PRIMARY | ANGELIC_PROSTRATION | CREATION_DECREE,,12080,False,PENDING,,,,,shamela://local/5ac170a3045185ccf78e81ebd473cafb8069279b898836fd768c78de76a3d8e5/book/4445/volume/1/page/246?database_sha256=a48b153a0a451ce0f63625bee7fa294a88d8dbbc5db4b9472afa652260b74b3b&segment_id=245
SRC-HISTORY-BIDAYAH-ADAM,4445,البداية والنهاية - ت التركي,2a122080d4cdf192c992bb53,1631,1638,8,4,34,76,0,2,2,0,ADAM_PRIMARY | CREATION_DECREE,,12945,False,PENDING,,,,,shamela://local/5ac170a3045185ccf78e81ebd473cafb8069279b898836fd768c78de76a3d8e5/book/4445/volume/3/page/530?database_sha256=a48b153a0a451ce0f63625bee7fa294a88d8dbbc5db4b9472afa652260b74b3b&segment_id=1631
SRC-HISTORY-BIDAYAH-ADAM,4445,البداية والنهاية - ت التركي,5feef5481cf8a0bbf0fc72f5,1593,1600,8,4,32,74,0,2,2,0,ADAM_PRIMARY | CREATION_DECREE,,11198,False,PENDING,,,,,shamela://local/5ac170a3045185ccf78e81ebd473cafb8069279b898836fd768c78de76a3d8e5/book/4445/volume/3/page/492?database_sha256=a48b153a0a451ce0f63625bee7fa294a88d8dbbc5db4b9472afa652260b74b3b&segment_id=1593
SRC-HISTORY-BIDAYAH-ADAM,4445,البداية والنهاية - ت التركي,fa89de561eb1a017e6271480,12621,12624,4,2,32,58,0,1,1,0,ADAM_PRIMARY | CREATION_DECREE,,8143,False,PENDING,,,,,shamela://local/5ac170a3045185ccf78e81ebd473cafb8069279b898836fd768c78de76a3d8e5/book/4445/volume/19/page/417?database_sha256=a48b153a0a451ce0f63625bee7fa294a88d8dbbc5db4b9472afa652260b74b3b&segment_id=12621
SRC-HISTORY-KAMIL-ADAM,21712,الكامل في التاريخ - ت تدمري,6b05e3132f88a8111c4d01f2,19,56,9,34,84,485,7,6,21,0,ADAM_PRIMARY | ANGELIC_PROSTRATION | CREATION_DECREE | CREATION_MATERIAL | PARADISE_RESIDENCE | SPIRIT_AND_FORM | TEACHING_NAMES,,18024,True,PENDING,,,,,shamela://local/5ac170a3045185ccf78e81ebd473cafb8069279b898836fd768c78de76a3d8e5/book/21712/volume/1/page/23?database_sha256=bf0c4379d2d3f7f5a4c30da7a96623019a120d1b198940dbd2c7fa45ed27b4cb&segment_id=19
SRC-HISTORY-KAMIL-ADAM,21712,الكامل في التاريخ - ت تدمري,e5f0c778649c98e42c12c3d9,60,64,5,2,33,59,0,1,1,0,ADAM_PRIMARY | ANGELIC_PROSTRATION,,9610,False,PENDING,,,,,shamela://local/5ac170a3045185ccf78e81ebd473cafb8069279b898836fd768c78de76a3d8e5/book/21712/volume/1/page/64?database_sha256=bf0c4379d2d3f7f5a4c30da7a96623019a120d1b198940dbd2c7fa45ed27b4cb&segment_id=60
SRC-HISTORY-KAMIL-ADAM,21712,الكامل في التاريخ - ت تدمري,cbe15a60dddfae085585abce,11,13,3,1,32,54,0,1,0,0,ADAM_PRIMARY | CREATION_DECREE,,4399,False,PENDING,,,,,shamela://local/5ac170a3045185ccf78e81ebd473cafb8069279b898836fd768c78de76a3d8e5/book/21712/volume/1/page/15?database_sha256=bf0c4379d2d3f7f5a4c30da7a96623019a120d1b198940dbd2c7fa45ed27b4cb&segment_id=11
SRC-HISTORY-KAMIL-ADAM,21712,الكامل في التاريخ - ت تدمري,2b0d25c716f0b1c8fb3385e3,15,17,3,1,32,54,0,1,0,0,ADAM_PRIMARY | CREATION_DECREE,,7065,False,PENDING,,,,,shamela://local/5ac170a3045185ccf78e81ebd473cafb8069279b898836fd768c78de76a3d8e5/book/21712/volume/1/page/19?database_sha256=bf0c4379d2d3f7f5a4c30da7a96623019a120d1b198940dbd2c7fa45ed27b4cb&segment_id=15
SRC-HISTORY-KAMIL-ADAM,21712,الكامل في التاريخ - ت تدمري,369a5a4b17008ee2b72117ad,71,73,3,1,32,54,0,1,0,0,ADAM_PRIMARY | CREATION_DECREE,,5295,False,PENDING,,,,,shamela://local/5ac170a3045185ccf78e81ebd473cafb8069279b898836fd768c78de76a3d8e5/book/21712/volume/1/page/75?database_sha256=bf0c4379d2d3f7f5a4c30da7a96623019a120d1b198940dbd2c7fa45ed27b4cb&segment_id=71
SRC-HISTORY-KAMIL-ADAM,21712,الكامل في التاريخ - ت تدمري,a3834261969705156e8eb273,270,272,3,1,32,54,0,1,0,0,ADAM_PRIMARY | CREATION_DECREE,,6960,False,PENDING,,,,,shamela://local/5ac170a3045185ccf78e81ebd473cafb8069279b898836fd768c78de76a3d8e5/book/21712/volume/1/page/274?database_sha256=bf0c4379d2d3f7f5a4c30da7a96623019a120d1b198940dbd2c7fa45ed27b4cb&segment_id=270
SRC-HISTORY-KAMIL-ADAM,21712,الكامل في التاريخ - ت تدمري,729ed768c504136f88650866,2575,2577,3,1,32,54,0,1,0,0,ADAM_PRIMARY | CREATION_DECREE,,6639,False,PENDING,,,,,shamela://local/5ac170a3045185ccf78e81ebd473cafb8069279b898836fd768c78de76a3d8e5/book/21712/volume/5/page/210?database_sha256=bf0c4379d2d3f7f5a4c30da7a96623019a120d1b198940dbd2c7fa45ed27b4cb&segment_id=2575
SRC-HISTORY-KAMIL-ADAM,21712,الكامل في التاريخ - ت تدمري,acac6f54989d3b3c9a7bb24b,4035,4037,3,1,32,54,0,1,0,0,ADAM_PRIMARY | CREATION_DECREE,,6844,False,PENDING,,,,,shamela://local/5ac170a3045185ccf78e81ebd473cafb8069279b898836fd768c78de76a3d8e5/book/21712/volume/7/page/304?database_sha256=bf0c4379d2d3f7f5a4c30da7a96623019a120d1b198940dbd2c7fa45ed27b4cb&segment_id=4035
SRC-HISTORY-KAMIL-ADAM,21712,الكامل في التاريخ - ت تدمري,4da39da43625f3221fac0539,1205,1207,3,1,29,51,0,1,0,0,ADAM_PRIMARY | HONOUR_AND_STATUS,,7056,False,PENDING,,,,,shamela://local/5ac170a3045185ccf78e81ebd473cafb8069279b898836fd768c78de76a3d8e5/book/21712/volume/2/page/516?database_sha256=bf0c4379d2d3f7f5a4c30da7a96623019a120d1b198940dbd2c7fa45ed27b4cb&segment_id=1205
SRC-HISTORY-KAMIL-ADAM,21712,الكامل في التاريخ - ت تدمري,a22fd918fd77200b16816a38,1125,1130,6,2,18,31,0,0,2,0,ADAM_PRIMARY,,14115,False,PENDING,,,,,shamela://local/5ac170a3045185ccf78e81ebd473cafb8069279b898836fd768c78de76a3d8e5/book/21712/volume/2/page/435?database_sha256=bf0c4379d2d3f7f5a4c30da7a96623019a120d1b198940dbd2c7fa45ed27b4cb&segment_id=1125
SRC-HISTORY-KAMIL-ADAM,21712,الكامل في التاريخ - ت تدمري,bd8d11ddcfd597f834051621,3757,3760,4,2,18,31,0,0,2,0,ADAM_PRIMARY,,9233,False,PENDING,,,,,shamela://local/5ac170a3045185ccf78e81ebd473cafb8069279b898836fd768c78de76a3d8e5/book/21712/volume/7/page/26?database_sha256=bf0c4379d2d3f7f5a4c30da7a96623019a120d1b198940dbd2c7fa45ed27b4cb&segment_id=3757
SRC-HISTORY-KAMIL-ADAM,21712,الكامل في التاريخ - ت تدمري,991b38f8cc3a5d2aee1bdab5,67,69,3,1,18,27,0,0,1,0,ADAM_PRIMARY,WAHB_IBN_MUNABBIH,5159,False,PENDING,,,,,shamela://local/5ac170a3045185ccf78e81ebd473cafb8069279b898836fd768c78de76a3d8e5/book/21712/volume/1/page/71?database_sha256=bf0c4379d2d3f7f5a4c30da7a96623019a120d1b198940dbd2c7fa45ed27b4cb&segment_id=67
SRC-HISTORY-KAMIL-ADAM,21712,الكامل في التاريخ - ت تدمري,222cbbc4c6c2d68eddc5890d,262,264,3,1,18,27,0,0,1,0,ADAM_PRIMARY,,7532,False,PENDING,,,,,shamela://local/5ac170a3045185ccf78e81ebd473cafb8069279b898836fd768c78de76a3d8e5/book/21712/volume/1/page/266?database_sha256=bf0c4379d2d3f7f5a4c30da7a96623019a120d1b198940dbd2c7fa45ed27b4cb&segment_id=262
SRC-HISTORY-KAMIL-ADAM,21712,الكامل في التاريخ - ت تدمري,a7d30011232815780f53d1e3,382,384,3,1,18,27,0,0,1,0,ADAM_PRIMARY,,5682,False,PENDING,,,,,shamela://local/5ac170a3045185ccf78e81ebd473cafb8069279b898836fd768c78de76a3d8e5/book/21712/volume/1/page/386?database_sha256=bf0c4379d2d3f7f5a4c30da7a96623019a120d1b198940dbd2c7fa45ed27b4cb&segment_id=382
SRC-HISTORY-KAMIL-ADAM,21712,الكامل في التاريخ - ت تدمري,0ebd113cd1f1fe862f07845c,406,408,3,1,18,27,0,0,1,0,ADAM_PRIMARY,,7624,False,PENDING,,,,,shamela://local/5ac170a3045185ccf78e81ebd473cafb8069279b898836fd768c78de76a3d8e5/book/21712/volume/1/page/410?database_sha256=bf0c4379d2d3f7f5a4c30da7a96623019a120d1b198940dbd2c7fa45ed27b4cb&segment_id=406
SRC-HISTORY-KAMIL-ADAM,21712,الكامل في التاريخ - ت تدمري,466216440b5bf1f602626a19,472,474,3,1,18,27,0,0,1,0,ADAM_PRIMARY,,6415,False,PENDING,,,,,shamela://local/5ac170a3045185ccf78e81ebd473cafb8069279b898836fd768c78de76a3d8e5/book/21712/volume/1/page/476?database_sha256=bf0c4379d2d3f7f5a4c30da7a96623019a120d1b198940dbd2c7fa45ed27b4cb&segment_id=472
SRC-HISTORY-KAMIL-ADAM,21712,الكامل في التاريخ - ت تدمري,d9c51daad505ebe3725caaf0,479,481,3,1,18,27,0,0,1,0,ADAM_PRIMARY,,6696,False,PENDING,,,,,shamela://local/5ac170a3045185ccf78e81ebd473cafb8069279b898836fd768c78de76a3d8e5/book/21712/volume/1/page/483?database_sha256=bf0c4379d2d3f7f5a4c30da7a96623019a120d1b198940dbd2c7fa45ed27b4cb&segment_id=479
SRC-HISTORY-KAMIL-ADAM,21712,الكامل في التاريخ - ت تدمري,7f2934b917997b489742426a,626,628,3,1,18,27,0,0,1,0,ADAM_PRIMARY,,5772,False,PENDING,,,,,shamela://local/5ac170a3045185ccf78e81ebd473cafb8069279b898836fd768c78de76a3d8e5/book/21712/volume/1/page/630?database_sha256=bf0c4379d2d3f7f5a4c30da7a96623019a120d1b198940dbd2c7fa45ed27b4cb&segment_id=626
SRC-HISTORY-KAMIL-ADAM,21712,الكامل في التاريخ - ت تدمري,287011996f24a8ffd1cf190b,647,649,3,1,18,27,0,0,1,0,ADAM_PRIMARY,,9618,False,PENDING,,,,,shamela://local/5ac170a3045185ccf78e81ebd473cafb8069279b898836fd768c78de76a3d8e5/book/21712/volume/1/page/651?database_sha256=bf0c4379d2d3f7f5a4c30da7a96623019a120d1b198940dbd2c7fa45ed27b4cb&segment_id=647
SRC-HISTORY-KAMIL-ADAM,21712,الكامل في التاريخ - ت تدمري,8f88fd9ed9d9c34c65b48fa8,987,989,3,1,18,27,0,0,1,0,ADAM_PRIMARY,,9689,False,PENDING,,,,,shamela://local/5ac170a3045185ccf78e81ebd473cafb8069279b898836fd768c78de76a3d8e5/book/21712/volume/2/page/296?database_sha256=bf0c4379d2d3f7f5a4c30da7a96623019a120d1b198940dbd2c7fa45ed27b4cb&segment_id=987
SRC-HISTORY-KAMIL-ADAM,21712,الكامل في التاريخ - ت تدمري,6e1d85417ad7c6a0af9861c7,1119,1121,3,1,18,27,0,0,1,0,ADAM_PRIMARY,,6260,False,PENDING,,,,,shamela://local/5ac170a3045185ccf78e81ebd473cafb8069279b898836fd768c78de76a3d8e5/book/21712/volume/2/page/429?database_sha256=bf0c4379d2d3f7f5a4c30da7a96623019a120d1b198940dbd2c7fa45ed27b4cb&segment_id=1119
SRC-HISTORY-KAMIL-ADAM,21712,الكامل في التاريخ - ت تدمري,d4eefeb096441a40c8bb9b92,1254,1256,3,1,18,27,0,0,1,0,ADAM_PRIMARY,,7384,False,PENDING,,,,,shamela://local/5ac170a3045185ccf78e81ebd473cafb8069279b898836fd768c78de76a3d8e5/book/21712/volume/2/page/565?database_sha256=bf0c4379d2d3f7f5a4c30da7a96623019a120d1b198940dbd2c7fa45ed27b4cb&segment_id=1254
SRC-HISTORY-KAMIL-ADAM,21712,الكامل في التاريخ - ت تدمري,95506b2b6a6d24b0159bc4a0,1294,1296,3,1,18,27,0,0,1,0,ADAM_PRIMARY,,5202,False,PENDING,,,,,shamela://local/5ac170a3045185ccf78e81ebd473cafb8069279b898836fd768c78de76a3d8e5/book/21712/volume/2/page/605?database_sha256=bf0c4379d2d3f7f5a4c30da7a96623019a120d1b198940dbd2c7fa45ed27b4cb&segment_id=1294
SRC-HISTORY-KAMIL-ADAM,21712,الكامل في التاريخ - ت تدمري,c246e368294216cf275330ac,1434,1436,3,1,18,27,0,0,1,0,ADAM_PRIMARY,,5820,False,PENDING,,,,,shamela://local/5ac170a3045185ccf78e81ebd473cafb8069279b898836fd768c78de76a3d8e5/book/21712/volume/2/page/745?database_sha256=bf0c4379d2d3f7f5a4c30da7a96623019a120d1b198940dbd2c7fa45ed27b4cb&segment_id=1434
SRC-HISTORY-KAMIL-ADAM,21712,الكامل في التاريخ - ت تدمري,7a0656cde1b3db345892b49f,1688,1690,3,1,18,27,0,0,1,0,ADAM_PRIMARY,,6454,False,PENDING,,,,,shamela://local/5ac170a3045185ccf78e81ebd473cafb8069279b898836fd768c78de76a3d8e5/book/21712/volume/3/page/248?database_sha256=bf0c4379d2d3f7f5a4c30da7a96623019a120d1b198940dbd2c7fa45ed27b4cb&segment_id=1688
SRC-HISTORY-KAMIL-ADAM,21712,الكامل في التاريخ - ت تدمري,03cb4d5fb1efb20b41fcc885,2032,2034,3,1,18,27,0,0,1,0,ADAM_PRIMARY,,6381,False,PENDING,,,,,shamela://local/5ac170a3045185ccf78e81ebd473cafb8069279b898836fd768c78de76a3d8e5/book/21712/volume/4/page/62?database_sha256=bf0c4379d2d3f7f5a4c30da7a96623019a120d1b198940dbd2c7fa45ed27b4cb&segment_id=2032
SRC-HISTORY-KAMIL-ADAM,21712,الكامل في التاريخ - ت تدمري,893ce4ac023de9244f737722,2450,2452,3,1,18,27,0,0,1,0,ADAM_PRIMARY,,6371,False,PENDING,,,,,shamela://local/5ac170a3045185ccf78e81ebd473cafb8069279b898836fd768c78de76a3d8e5/book/21712/volume/5/page/85?database_sha256=bf0c4379d2d3f7f5a4c30da7a96623019a120d1b198940dbd2c7fa45ed27b4cb&segment_id=2450
SRC-HISTORY-KAMIL-ADAM,21712,الكامل في التاريخ - ت تدمري,142ef2a56d492febc46801f1,2752,2754,3,1,18,27,0,0,1,0,ADAM_PRIMARY,,6729,False,PENDING,,,,,shamela://local/5ac170a3045185ccf78e81ebd473cafb8069279b898836fd768c78de76a3d8e5/book/21712/volume/5/page/387?database_sha256=bf0c4379d2d3f7f5a4c30da7a96623019a120d1b198940dbd2c7fa45ed27b4cb&segment_id=2752
SRC-HISTORY-KAMIL-ADAM,21712,الكامل في التاريخ - ت تدمري,f0b44faacad2e8e9ab9e7001,2873,2875,3,1,18,27,0,0,1,0,ADAM_PRIMARY,,4076,False,PENDING,,,,,shamela://local/5ac170a3045185ccf78e81ebd473cafb8069279b898836fd768c78de76a3d8e5/book/21712/volume/5/page/508?database_sha256=bf0c4379d2d3f7f5a4c30da7a96623019a120d1b198940dbd2c7fa45ed27b4cb&segment_id=2873
SRC-HISTORY-KAMIL-ADAM,21712,الكامل في التاريخ - ت تدمري,365c0f02af0d17afb75c5856,2908,2910,3,1,18,27,0,0,1,0,ADAM_PRIMARY,,5336,False,PENDING,,,,,shamela://local/5ac170a3045185ccf78e81ebd473cafb8069279b898836fd768c78de76a3d8e5/book/21712/volume/5/page/543?database_sha256=bf0c4379d2d3f7f5a4c30da7a96623019a120d1b198940dbd2c7fa45ed27b4cb&segment_id=2908
SRC-HISTORY-KAMIL-ADAM,21712,الكامل في التاريخ - ت تدمري,d8560a18e2f776b1af26a7c2,2967,2969,3,1,18,27,0,0,1,0,ADAM_PRIMARY,,4754,False,PENDING,,,,,shamela://local/5ac170a3045185ccf78e81ebd473cafb8069279b898836fd768c78de76a3d8e5/book/21712/volume/6/page/21?database_sha256=bf0c4379d2d3f7f5a4c30da7a96623019a120d1b198940dbd2c7fa45ed27b4cb&segment_id=2967
SRC-HISTORY-KAMIL-ADAM,21712,الكامل في التاريخ - ت تدمري,ac6ad286579cf6be2250d755,3043,3045,3,1,18,27,0,0,1,0,ADAM_PRIMARY,,6669,False,PENDING,,,,,shamela://local/5ac170a3045185ccf78e81ebd473cafb8069279b898836fd768c78de76a3d8e5/book/21712/volume/6/page/97?database_sha256=bf0c4379d2d3f7f5a4c30da7a96623019a120d1b198940dbd2c7fa45ed27b4cb&segment_id=3043
SRC-HISTORY-KAMIL-ADAM,21712,الكامل في التاريخ - ت تدمري,92d9f6d9f87e7537c4d95cc6,3408,3410,3,1,18,27,0,0,1,0,ADAM_PRIMARY,,7849,False,PENDING,,,,,shamela://local/5ac170a3045185ccf78e81ebd473cafb8069279b898836fd768c78de76a3d8e5/book/21712/volume/6/page/462?database_sha256=bf0c4379d2d3f7f5a4c30da7a96623019a120d1b198940dbd2c7fa45ed27b4cb&segment_id=3408
SRC-HISTORY-MUNTAZAM-ADAM,12406,المنتظم في تاريخ الملوك والأمم,ecd55c860e9f458931578651,171,222,10,40,84,560,6,15,19,0,ADAM_PRIMARY | ANGELIC_PROSTRATION | CREATION_DECREE | CREATION_MATERIAL | HADITH_ANCHORS | PARADISE_RESIDENCE | SPIRIT_AND_FORM | TEACHING_NAMES,WAHB_IBN_MUNABBIH,18024,True,PENDING,,,,,shamela://local/5ac170a3045185ccf78e81ebd473cafb8069279b898836fd768c78de76a3d8e5/book/12406/volume/1/page/192?database_sha256=c0a44e43dc6d655a4d5725fc88aafb8ad0077e0ec2e8214f6c0dec6e9f4e31ab&segment_id=171
SRC-HISTORY-MUNTAZAM-ADAM,12406,المنتظم في تاريخ الملوك والأمم,0e1709a891b6cda7ead9c4e7,148,160,11,7,47,148,1,4,2,0,ADAM_PRIMARY | ANGELIC_PROSTRATION | CREATION_DECREE,KAB_AL_AHBAR | WAHB_IBN_MUNABBIH,18024,True,PENDING,,,,,shamela://local/5ac170a3045185ccf78e81ebd473cafb8069279b898836fd768c78de76a3d8e5/book/12406/volume/1/page/169?database_sha256=c0a44e43dc6d655a4d5725fc88aafb8ad0077e0ec2e8214f6c0dec6e9f4e31ab&segment_id=148
SRC-HISTORY-MUNTAZAM-ADAM,12406,المنتظم في تاريخ الملوك والأمم,2ce508922377ddcde61638e7,6682,6687,6,3,49,102,1,0,2,0,ADAM_PRIMARY | ANGELIC_PROSTRATION | CREATION_DECREE,,11902,False,PENDING,,,,,shamela://local/5ac170a3045185ccf78e81ebd473cafb8069279b898836fd768c78de76a3d8e5/book/12406/volume/19/page/398?database_sha256=c0a44e43dc6d655a4d5725fc88aafb8ad0077e0ec2e8214f6c0dec6e9f4e31ab&segment_id=6682
SRC-HISTORY-MUNTAZAM-ADAM,12406,المنتظم في تاريخ الملوك والأمم,1d42c69f6a3eec9493266ae0,546,552,7,4,32,79,0,2,2,0,ADAM_PRIMARY | CREATION_DECREE | SPIRIT_AND_FORM,,14641,False,PENDING,,,,,shamela://local/5ac170a3045185ccf78e81ebd473cafb8069279b898836fd768c78de76a3d8e5/book/12406/volume/2/page/141?database_sha256=c0a44e43dc6d655a4d5725fc88aafb8ad0077e0ec2e8214f6c0dec6e9f4e31ab&segment_id=546
SRC-HISTORY-MUNTAZAM-ADAM,12406,المنتظم في تاريخ الملوك والأمم,949b1a6c15cc946c9e5fd4b3,6315,6327,9,5,33,71,0,1,4,0,ADAM_PRIMARY | ANGELIC_PROSTRATION,,18024,True,PENDING,,,,,shamela://local/5ac170a3045185ccf78e81ebd473cafb8069279b898836fd768c78de76a3d8e5/book/12406/volume/19/page/31?database_sha256=c0a44e43dc6d655a4d5725fc88aafb8ad0077e0ec2e8214f6c0dec6e9f4e31ab&segment_id=6315
SRC-HISTORY-MUNTAZAM-ADAM,12406,المنتظم في تاريخ الملوك والأمم,9f75a7c9245f07987d17f922,102,107,6,3,32,70,0,2,1,0,ADAM_PRIMARY | CREATION_DECREE,KAB_AL_AHBAR,11997,False,PENDING,,,,,shamela://local/5ac170a3045185ccf78e81ebd473cafb8069279b898836fd768c78de76a3d8e5/book/12406/volume/1/page/123?database_sha256=c0a44e43dc6d655a4d5725fc88aafb8ad0077e0ec2e8214f6c0dec6e9f4e31ab&segment_id=102
SRC-HISTORY-MUNTAZAM-ADAM,12406,المنتظم في تاريخ الملوك والأمم,daf93de6ff71ee53c09c88bb,4345,4348,4,2,33,67,0,2,0,0,ADAM_PRIMARY | ANGELIC_PROSTRATION,,7126,False,PENDING,,,,,shamela://local/5ac170a3045185ccf78e81ebd473cafb8069279b898836fd768c78de76a3d8e5/book/12406/volume/13/page/112?database_sha256=c0a44e43dc6d655a4d5725fc88aafb8ad0077e0ec2e8214f6c0dec6e9f4e31ab&segment_id=4345
SRC-HISTORY-MUNTAZAM-ADAM,12406,المنتظم في تاريخ الملوك والأمم,ec52bfa99e3b156d2f9e50cd,6705,6712,8,4,32,66,0,1,3,0,ADAM_PRIMARY | CREATION_DECREE,,14495,False,PENDING,,,,,shamela://local/5ac170a3045185ccf78e81ebd473cafb8069279b898836fd768c78de76a3d8e5/book/12406/volume/19/page/421?database_sha256=c0a44e43dc6d655a4d5725fc88aafb8ad0077e0ec2e8214f6c0dec6e9f4e31ab&segment_id=6705
SRC-HISTORY-MUNTAZAM-ADAM,12406,المنتظم في تاريخ الملوك والأمم,86ef67e128ad1bdc45cd554a,6696,6699,4,2,34,60,0,1,1,0,ADAM_PRIMARY | SPIRIT_AND_FORM,,6718,False,PENDING,,,,,shamela://local/5ac170a3045185ccf78e81ebd473cafb8069279b898836fd768c78de76a3d8e5/book/12406/volume/19/page/412?database_sha256=c0a44e43dc6d655a4d5725fc88aafb8ad0077e0ec2e8214f6c0dec6e9f4e31ab&segment_id=6696
SRC-HISTORY-MUNTAZAM-ADAM,12406,المنتظم في تاريخ الملوك والأمم,6a0b21c63e708371877a805d,6462,6465,4,2,33,59,0,1,1,0,ADAM_PRIMARY | ANGELIC_PROSTRATION,,8014,False,PENDING,,,,,shamela://local/5ac170a3045185ccf78e81ebd473cafb8069279b898836fd768c78de76a3d8e5/book/12406/volume/19/page/178?database_sha256=c0a44e43dc6d655a4d5725fc88aafb8ad0077e0ec2e8214f6c0dec6e9f4e31ab&segment_id=6462
SRC-HISTORY-MUNTAZAM-ADAM,12406,المنتظم في تاريخ الملوك والأمم,7c800927595400bc5eceabc0,6732,6736,5,2,32,58,0,1,1,0,ADAM_PRIMARY | CREATION_DECREE,,8401,False,PENDING,,,,,shamela://local/5ac170a3045185ccf78e81ebd473cafb8069279b898836fd768c78de76a3d8e5/book/12406/volume/19/page/448?database_sha256=c0a44e43dc6d655a4d5725fc88aafb8ad0077e0ec2e8214f6c0dec6e9f4e31ab&segment_id=6732
SRC-HISTORY-MUNTAZAM-ADAM,12406,المنتظم في تاريخ الملوك والأمم,cf9fa3117a2926f0ca08f080,268,272,5,2,29,55,0,1,1,0,ADAM_PRIMARY | CREATION_MATERIAL,,14277,False,PENDING,,,,,shamela://local/5ac170a3045185ccf78e81ebd473cafb8069279b898836fd768c78de76a3d8e5/book/12406/volume/1/page/289?database_sha256=c0a44e43dc6d655a4d5725fc88aafb8ad0077e0ec2e8214f6c0dec6e9f4e31ab&segment_id=268
SRC-HISTORY-MUNTAZAM-ADAM,12406,المنتظم في تاريخ الملوك والأمم,6658eb9e1065fe052ea879e2,392,394,3,1,33,55,0,1,0,0,ADAM_PRIMARY | ANGELIC_PROSTRATION,,6601,False,PENDING,,,,,shamela://local/5ac170a3045185ccf78e81ebd473cafb8069279b898836fd768c78de76a3d8e5/book/12406/volume/1/page/413?database_sha256=c0a44e43dc6d655a4d5725fc88aafb8ad0077e0ec2e8214f6c0dec6e9f4e31ab&segment_id=392
SRC-HISTORY-MUNTAZAM-ADAM,12406,المنتظم في تاريخ الملوك والأمم,f243e96e5bec698e7c6eb72c,433,438,6,2,33,55,0,1,0,1,ADAM_PRIMARY | ANGELIC_PROSTRATION,KAB_AL_AHBAR,11838,False,PENDING,,,,,shamela://local/5ac170a3045185ccf78e81ebd473cafb8069279b898836fd768c78de76a3d8e5/book/12406/volume/2/page/28?database_sha256=c0a44e43dc6d655a4d5725fc88aafb8ad0077e0ec2e8214f6c0dec6e9f4e31ab&segment_id=433
SRC-HISTORY-MUNTAZAM-ADAM,12406,المنتظم في تاريخ الملوك والأمم,769ec1f82e5df63cb37fb296,575,577,3,1,33,55,0,1,0,0,ADAM_PRIMARY | ANGELIC_PROSTRATION,,6028,False,PENDING,,,,,shamela://local/5ac170a3045185ccf78e81ebd473cafb8069279b898836fd768c78de76a3d8e5/book/12406/volume/2/page/170?database_sha256=c0a44e43dc6d655a4d5725fc88aafb8ad0077e0ec2e8214f6c0dec6e9f4e31ab&segment_id=575
SRC-HISTORY-MUNTAZAM-ADAM,12406,المنتظم في تاريخ الملوك والأمم,2d9ddea2f23ac578f3b52a3f,5928,5930,3,1,33,55,0,1,0,0,ADAM_PRIMARY | ANGELIC_PROSTRATION,,5306,False,PENDING,,,,,shamela://local/5ac170a3045185ccf78e81ebd473cafb8069279b898836fd768c78de76a3d8e5/book/12406/volume/17/page/237?database_sha256=c0a44e43dc6d655a4d5725fc88aafb8ad0077e0ec2e8214f6c0dec6e9f4e31ab&segment_id=5928
SRC-HISTORY-MUNTAZAM-ADAM,12406,المنتظم في تاريخ الملوك والأمم,999380fdb5f2eed0f3680e97,6749,6751,3,1,33,55,0,1,0,0,ADAM_PRIMARY | ANGELIC_PROSTRATION,,3950,False,PENDING,,,,,shamela://local/5ac170a3045185ccf78e81ebd473cafb8069279b898836fd768c78de76a3d8e5/book/12406/volume/19/page/466?database_sha256=c0a44e43dc6d655a4d5725fc88aafb8ad0077e0ec2e8214f6c0dec6e9f4e31ab&segment_id=6749
SRC-HISTORY-MUNTAZAM-ADAM,12406,المنتظم في تاريخ الملوك والأمم,73c57cbcbf01687522e9db33,236,238,3,1,32,54,0,1,0,0,ADAM_PRIMARY | CREATION_DECREE,,6413,False,PENDING,,,,,shamela://local/5ac170a3045185ccf78e81ebd473cafb8069279b898836fd768c78de76a3d8e5/book/12406/volume/1/page/257?database_sha256=c0a44e43dc6d655a4d5725fc88aafb8ad0077e0ec2e8214f6c0dec6e9f4e31ab&segment_id=236
SRC-HISTORY-MUNTAZAM-ADAM,12406,المنتظم في تاريخ الملوك والأمم,9af1777d93c5536e1e0a6490,4446,4450,5,2,26,39,0,0,2,0,ADAM_PRIMARY,,10175,False,PENDING,,,,,shamela://local/5ac170a3045185ccf78e81ebd473cafb8069279b898836fd768c78de76a3d8e5/book/12406/volume/13/page/213?database_sha256=c0a44e43dc6d655a4d5725fc88aafb8ad0077e0ec2e8214f6c0dec6e9f4e31ab&segment_id=4446
SRC-HISTORY-MUNTAZAM-ADAM,12406,المنتظم في تاريخ الملوك والأمم,4b97becab141ac7345d07d8c,162,168,7,3,18,35,0,0,3,0,ADAM_PRIMARY,,14982,False,PENDING,,,,,shamela://local/5ac170a3045185ccf78e81ebd473cafb8069279b898836fd768c78de76a3d8e5/book/12406/volume/1/page/183?database_sha256=c0a44e43dc6d655a4d5725fc88aafb8ad0077e0ec2e8214f6c0dec6e9f4e31ab&segment_id=162
SRC-HISTORY-MUNTAZAM-ADAM,12406,المنتظم في تاريخ الملوك والأمم,30647625c2bc81e81682f3a0,248,253,6,3,18,35,0,0,3,0,ADAM_PRIMARY,WAHB_IBN_MUNABBIH,13034,False,PENDING,,,,,shamela://local/5ac170a3045185ccf78e81ebd473cafb8069279b898836fd768c78de76a3d8e5/book/12406/volume/1/page/269?database_sha256=c0a44e43dc6d655a4d5725fc88aafb8ad0077e0ec2e8214f6c0dec6e9f4e31ab&segment_id=248
SRC-HISTORY-MUNTAZAM-ADAM,12406,المنتظم في تاريخ الملوك والأمم,3c3bb7eb8106b164590204f9,3476,3478,3,1,26,35,0,0,1,0,ADAM_PRIMARY,,5745,False,PENDING,,,,,shamela://local/5ac170a3045185ccf78e81ebd473cafb8069279b898836fd768c78de76a3d8e5/book/12406/volume/11/page/30?database_sha256=c0a44e43dc6d655a4d5725fc88aafb8ad0077e0ec2e8214f6c0dec6e9f4e31ab&segment_id=3476
SRC-HISTORY-MUNTAZAM-ADAM,12406,المنتظم في تاريخ الملوك والأمم,3611b5fe67bb933d75b15325,1924,1926,3,1,18,27,0,0,1,0,ADAM_PRIMARY,,4079,False,PENDING,,,,,shamela://local/5ac170a3045185ccf78e81ebd473cafb8069279b898836fd768c78de76a3d8e5/book/12406/volume/6/page/38?database_sha256=c0a44e43dc6d655a4d5725fc88aafb8ad0077e0ec2e8214f6c0dec6e9f4e31ab&segment_id=1924
SRC-HISTORY-TABARI-ADAM,9783,تاريخ الطبري = تاريخ الرسل والملوك، وصلة تاريخ الطبري,fc95dde8755ea5efbb4bad11,81,178,11,93,77,1167,19,23,51,0,ADAM_PRIMARY | ANGELIC_PROSTRATION | CREATION_DECREE | CREATION_MATERIAL | HADITH_ANCHORS | PARADISE_RESIDENCE | SPIRIT_AND_FORM | TEACHING_NAMES,WAHB_IBN_MUNABBIH,18024,True,PENDING,,,,,shamela://local/5ac170a3045185ccf78e81ebd473cafb8069279b898836fd768c78de76a3d8e5/book/9783/volume/1/page/83?database_sha256=3eac670046fd84fefb8ebfe68a2a2f5f37f7716804a599a61555d3ea8a0162cb&segment_id=81
SRC-HISTORY-TABARI-ADAM,9783,تاريخ الطبري = تاريخ الرسل والملوك، وصلة تاريخ الطبري,1e8c307040e32fb58931b159,589,594,6,3,47,108,1,1,1,0,ADAM_PRIMARY | ANGELIC_PROSTRATION | CREATION_DECREE,,10474,False,PENDING,,,,,shamela://local/5ac170a3045185ccf78e81ebd473cafb8069279b898836fd768c78de76a3d8e5/book/9783/volume/1/page/592?database_sha256=3eac670046fd84fefb8ebfe68a2a2f5f37f7716804a599a61555d3ea8a0162cb&segment_id=589
SRC-HISTORY-TABARI-ADAM,9783,تاريخ الطبري = تاريخ الرسل والملوك، وصلة تاريخ الطبري,4f0d216267deb689f343c163,53,56,4,2,47,96,1,0,1,0,ADAM_PRIMARY | ANGELIC_PROSTRATION | CREATION_DECREE,,6882,False,PENDING,,,,,shamela://local/5ac170a3045185ccf78e81ebd473cafb8069279b898836fd768c78de76a3d8e5/book/9783/volume/1/page/55?database_sha256=3eac670046fd84fefb8ebfe68a2a2f5f37f7716804a599a61555d3ea8a0162cb&segment_id=53
SRC-HISTORY-TABARI-ADAM,9783,تاريخ الطبري = تاريخ الرسل والملوك، وصلة تاريخ الطبري,319434f689012c48d536da3f,652,654,3,1,45,90,1,0,0,0,ADAM_PRIMARY | CREATION_DECREE | CREATION_MATERIAL,,5318,False,PENDING,,,,,shamela://local/5ac170a3045185ccf78e81ebd473cafb8069279b898836fd768c78de76a3d8e5/book/9783/volume/2/page/27?database_sha256=3eac670046fd84fefb8ebfe68a2a2f5f37f7716804a599a61555d3ea8a0162cb&segment_id=652
SRC-HISTORY-TABARI-ADAM,9783,تاريخ الطبري = تاريخ الرسل والملوك، وصلة تاريخ الطبري,e37b16ebf3b8b8819ae11b80,19,23,5,3,33,76,0,2,1,0,ADAM_PRIMARY | ANGELIC_PROSTRATION | CREATION_DECREE,,7569,False,PENDING,,,,,shamela://local/5ac170a3045185ccf78e81ebd473cafb8069279b898836fd768c78de76a3d8e5/book/9783/volume/1/page/21?database_sha256=3eac670046fd84fefb8ebfe68a2a2f5f37f7716804a599a61555d3ea8a0162cb&segment_id=19
SRC-HISTORY-TABARI-ADAM,9783,تاريخ الطبري = تاريخ الرسل والملوك، وصلة تاريخ الطبري,3bea7c95675ac163ed02ead1,14,17,4,2,34,68,0,2,0,0,ADAM_PRIMARY | CREATION_DECREE,,5750,False,PENDING,,,,,shamela://local/5ac170a3045185ccf78e81ebd473cafb8069279b898836fd768c78de76a3d8e5/book/9783/volume/1/page/16?database_sha256=3eac670046fd84fefb8ebfe68a2a2f5f37f7716804a599a61555d3ea8a0162cb&segment_id=14
SRC-HISTORY-TABARI-ADAM,9783,تاريخ الطبري = تاريخ الرسل والملوك، وصلة تاريخ الطبري,9ba777a9308de073b0742b7a,1273,1278,6,2,32,58,0,1,1,0,ADAM_PRIMARY | CREATION_DECREE,,12814,False,PENDING,,,,,shamela://local/5ac170a3045185ccf78e81ebd473cafb8069279b898836fd768c78de76a3d8e5/book/9783/volume/2/page/648?database_sha256=3eac670046fd84fefb8ebfe68a2a2f5f37f7716804a599a61555d3ea8a0162cb&segment_id=1273
SRC-HISTORY-TABARI-ADAM,9783,تاريخ الطبري = تاريخ الرسل والملوك، وصلة تاريخ الطبري,aa2db0916852f15ff69223e9,658,660,3,1,33,55,0,1,0,0,ADAM_PRIMARY | ANGELIC_PROSTRATION,,5208,False,PENDING,,,,,shamela://local/5ac170a3045185ccf78e81ebd473cafb8069279b898836fd768c78de76a3d8e5/book/9783/volume/2/page/33?database_sha256=3eac670046fd84fefb8ebfe68a2a2f5f37f7716804a599a61555d3ea8a0162cb&segment_id=658
SRC-HISTORY-TABARI-ADAM,9783,تاريخ الطبري = تاريخ الرسل والملوك، وصلة تاريخ الطبري,68950462a89a1fdd5e46d305,2114,2116,3,1,33,55,0,1,0,0,ADAM_PRIMARY | ANGELIC_PROSTRATION,,7345,False,PENDING,,,,,shamela://local/5ac170a3045185ccf78e81ebd473cafb8069279b898836fd768c78de76a3d8e5/book/9783/volume/4/page/223?database_sha256=3eac670046fd84fefb8ebfe68a2a2f5f37f7716804a599a61555d3ea8a0162cb&segment_id=2114
SRC-HISTORY-TABARI-ADAM,9783,تاريخ الطبري = تاريخ الرسل والملوك، وصلة تاريخ الطبري,9c93429d660f133e5445fd5c,3933,3935,3,1,33,55,0,1,0,0,ADAM_PRIMARY | ANGELIC_PROSTRATION,,5344,False,PENDING,,,,,shamela://local/5ac170a3045185ccf78e81ebd473cafb8069279b898836fd768c78de76a3d8e5/book/9783/volume/7/page/237?database_sha256=3eac670046fd84fefb8ebfe68a2a2f5f37f7716804a599a61555d3ea8a0162cb&segment_id=3933
SRC-HISTORY-TABARI-ADAM,9783,تاريخ الطبري = تاريخ الرسل والملوك، وصلة تاريخ الطبري,4027dbc2c902fb0ff4e33a6f,4257,4259,3,1,33,55,0,1,0,0,ADAM_PRIMARY | ANGELIC_PROSTRATION,,4990,False,PENDING,,,,,shamela://local/5ac170a3045185ccf78e81ebd473cafb8069279b898836fd768c78de76a3d8e5/book/9783/volume/7/page/561?database_sha256=3eac670046fd84fefb8ebfe68a2a2f5f37f7716804a599a61555d3ea8a0162cb&segment_id=4257
SRC-HISTORY-TABARI-ADAM,9783,تاريخ الطبري = تاريخ الرسل والملوك، وصلة تاريخ الطبري,40f75f6bcf92175ba715e832,208,210,3,1,32,54,0,1,0,0,ADAM_PRIMARY | CREATION_DECREE,,5219,False,PENDING,,,,,shamela://local/5ac170a3045185ccf78e81ebd473cafb8069279b898836fd768c78de76a3d8e5/book/9783/volume/1/page/210?database_sha256=3eac670046fd84fefb8ebfe68a2a2f5f37f7716804a599a61555d3ea8a0162cb&segment_id=208
SRC-HISTORY-TABARI-ADAM,9783,تاريخ الطبري = تاريخ الرسل والملوك، وصلة تاريخ الطبري,6912002b5acbc8861142e49a,1334,1336,3,1,29,51,0,1,0,0,ADAM_PRIMARY | CREATION_MATERIAL,,6268,False,PENDING,,,,,shamela://local/5ac170a3045185ccf78e81ebd473cafb8069279b898836fd768c78de76a3d8e5/book/9783/volume/3/page/60?database_sha256=3eac670046fd84fefb8ebfe68a2a2f5f37f7716804a599a61555d3ea8a0162cb&segment_id=1334
SRC-HISTORY-TABARI-ADAM,9783,تاريخ الطبري = تاريخ الرسل والملوك، وصلة تاريخ الطبري,a17d7b8d39d98a50971eeeb1,2215,2217,3,1,29,51,0,1,0,0,ADAM_PRIMARY | HONOUR_AND_STATUS,,7320,False,PENDING,,,,,shamela://local/5ac170a3045185ccf78e81ebd473cafb8069279b898836fd768c78de76a3d8e5/book/9783/volume/4/page/326?database_sha256=3eac670046fd84fefb8ebfe68a2a2f5f37f7716804a599a61555d3ea8a0162cb&segment_id=2215
SRC-HISTORY-TABARI-ADAM,9783,تاريخ الطبري = تاريخ الرسل والملوك، وصلة تاريخ الطبري,7276dcf376111fac61cf8c7c,182,192,10,6,18,47,0,0,6,0,ADAM_PRIMARY,,18024,True,PENDING,,,,,shamela://local/5ac170a3045185ccf78e81ebd473cafb8069279b898836fd768c78de76a3d8e5/book/9783/volume/1/page/184?database_sha256=3eac670046fd84fefb8ebfe68a2a2f5f37f7716804a599a61555d3ea8a0162cb&segment_id=182
SRC-HISTORY-TABARI-ADAM,9783,تاريخ الطبري = تاريخ الرسل والملوك، وصلة تاريخ الطبري,2985f5379149aa7a1eea3908,858,864,7,4,20,41,0,0,4,0,ADAM_PRIMARY,WAHB_IBN_MUNABBIH,12161,False,PENDING,,,,,shamela://local/5ac170a3045185ccf78e81ebd473cafb8069279b898836fd768c78de76a3d8e5/book/9783/volume/2/page/233?database_sha256=3eac670046fd84fefb8ebfe68a2a2f5f37f7716804a599a61555d3ea8a0162cb&segment_id=858
SRC-HISTORY-TABARI-ADAM,9783,تاريخ الطبري = تاريخ الرسل والملوك، وصلة تاريخ الطبري,050a6b8ff12ed7e950c0e304,43,49,7,3,18,35,0,0,3,0,ADAM_PRIMARY,,12714,False,PENDING,,,,,shamela://local/5ac170a3045185ccf78e81ebd473cafb8069279b898836fd768c78de76a3d8e5/book/9783/volume/1/page/45?database_sha256=3eac670046fd84fefb8ebfe68a2a2f5f37f7716804a599a61555d3ea8a0162cb&segment_id=43
SRC-HISTORY-TABARI-ADAM,9783,تاريخ الطبري = تاريخ الرسل والملوك، وصلة تاريخ الطبري,13709c8af09cb8d06a9b5984,26,31,6,2,18,31,0,0,2,0,ADAM_PRIMARY,,10039,False,PENDING,,,,,shamela://local/5ac170a3045185ccf78e81ebd473cafb8069279b898836fd768c78de76a3d8e5/book/9783/volume/1/page/28?database_sha256=3eac670046fd84fefb8ebfe68a2a2f5f37f7716804a599a61555d3ea8a0162cb&segment_id=26
SRC-HISTORY-TABARI-ADAM,9783,تاريخ الطبري = تاريخ الرسل والملوك، وصلة تاريخ الطبري,f6429d56b7d61ffe699f23b5,199,202,4,2,18,31,0,0,2,0,ADAM_PRIMARY,,7722,False,PENDING,,,,,shamela://local/5ac170a3045185ccf78e81ebd473cafb8069279b898836fd768c78de76a3d8e5/book/9783/volume/1/page/201?database_sha256=3eac670046fd84fefb8ebfe68a2a2f5f37f7716804a599a61555d3ea8a0162cb&segment_id=199
SRC-HISTORY-TABARI-ADAM,9783,تاريخ الطبري = تاريخ الرسل والملوك، وصلة تاريخ الطبري,37d379bcdb64c00c4fdfd02e,9,11,3,1,18,27,0,0,1,0,ADAM_PRIMARY,,5914,False,PENDING,,,,,shamela://local/5ac170a3045185ccf78e81ebd473cafb8069279b898836fd768c78de76a3d8e5/book/9783/volume/1/page/11?database_sha256=3eac670046fd84fefb8ebfe68a2a2f5f37f7716804a599a61555d3ea8a0162cb&segment_id=9
SRC-HISTORY-TABARI-ADAM,9783,تاريخ الطبري = تاريخ الرسل والملوك، وصلة تاريخ الطبري,f532bbc562c6a6b38d94c2f1,62,64,3,1,18,27,0,0,1,0,ADAM_PRIMARY,,5911,False,PENDING,,,,,shamela://local/5ac170a3045185ccf78e81ebd473cafb8069279b898836fd768c78de76a3d8e5/book/9783/volume/1/page/64?database_sha256=3eac670046fd84fefb8ebfe68a2a2f5f37f7716804a599a61555d3ea8a0162cb&segment_id=62
SRC-HISTORY-TABARI-ADAM,9783,تاريخ الطبري = تاريخ الرسل والملوك، وصلة تاريخ الطبري,5df5ba0b457f8ceeb9692150,70,72,3,1,18,27,0,0,1,0,ADAM_PRIMARY,,4844,False,PENDING,,,,,shamela://local/5ac170a3045185ccf78e81ebd473cafb8069279b898836fd768c78de76a3d8e5/book/9783/volume/1/page/72?database_sha256=3eac670046fd84fefb8ebfe68a2a2f5f37f7716804a599a61555d3ea8a0162cb&segment_id=70
SRC-HISTORY-TABARI-ADAM,9783,تاريخ الطبري = تاريخ الرسل والملوك، وصلة تاريخ الطبري,03f827d04745916e6b66343b,239,241,3,1,18,27,0,0,1,0,ADAM_PRIMARY,,6214,False,PENDING,,,,,shamela://local/5ac170a3045185ccf78e81ebd473cafb8069279b898836fd768c78de76a3d8e5/book/9783/volume/1/page/241?database_sha256=3eac670046fd84fefb8ebfe68a2a2f5f37f7716804a599a61555d3ea8a0162cb&segment_id=239
SRC-HISTORY-TABARI-ADAM,9783,تاريخ الطبري = تاريخ الرسل والملوك، وصلة تاريخ الطبري,e3e19a3be5687d2034fe133b,273,275,3,1,18,27,0,0,1,0,ADAM_PRIMARY,,5495,False,PENDING,,,,,shamela://local/5ac170a3045185ccf78e81ebd473cafb8069279b898836fd768c78de76a3d8e5/book/9783/volume/1/page/276?database_sha256=3eac670046fd84fefb8ebfe68a2a2f5f37f7716804a599a61555d3ea8a0162cb&segment_id=273
SRC-HISTORY-TABARI-ADAM,9783,تاريخ الطبري = تاريخ الرسل والملوك، وصلة تاريخ الطبري,cea42c9e60b0857a2958ba3a,309,311,3,1,18,27,0,0,1,0,ADAM_PRIMARY,,5098,False,PENDING,,,,,shamela://local/5ac170a3045185ccf78e81ebd473cafb8069279b898836fd768c78de76a3d8e5/book/9783/volume/1/page/312?database_sha256=3eac670046fd84fefb8ebfe68a2a2f5f37f7716804a599a61555d3ea8a0162cb&segment_id=309
SRC-HISTORY-TABARI-ADAM,9783,تاريخ الطبري = تاريخ الرسل والملوك، وصلة تاريخ الطبري,36d2277006b444a48a56620b,314,316,3,1,18,27,0,0,1,0,ADAM_PRIMARY,,5011,False,PENDING,,,,,shamela://local/5ac170a3045185ccf78e81ebd473cafb8069279b898836fd768c78de76a3d8e5/book/9783/volume/1/page/317?database_sha256=3eac670046fd84fefb8ebfe68a2a2f5f37f7716804a599a61555d3ea8a0162cb&segment_id=314
SRC-HISTORY-TABARI-ADAM,9783,تاريخ الطبري = تاريخ الرسل والملوك، وصلة تاريخ الطبري,9891d00d245714c28b4231db,329,331,3,1,18,27,0,0,1,0,ADAM_PRIMARY,,4642,False,PENDING,,,,,shamela://local/5ac170a3045185ccf78e81ebd473cafb8069279b898836fd768c78de76a3d8e5/book/9783/volume/1/page/332?database_sha256=3eac670046fd84fefb8ebfe68a2a2f5f37f7716804a599a61555d3ea8a0162cb&segment_id=329
SRC-HISTORY-TABARI-ADAM,9783,تاريخ الطبري = تاريخ الرسل والملوك، وصلة تاريخ الطبري,8d12571c3a659c44c1cbb59e,362,364,3,1,18,27,0,0,1,0,ADAM_PRIMARY,WAHB_IBN_MUNABBIH,5404,False,PENDING,,,,,shamela://local/5ac170a3045185ccf78e81ebd473cafb8069279b898836fd768c78de76a3d8e5/book/9783/volume/1/page/365?database_sha256=3eac670046fd84fefb8ebfe68a2a2f5f37f7716804a599a61555d3ea8a0162cb&segment_id=362
SRC-HISTORY-TABARI-ADAM,9783,تاريخ الطبري = تاريخ الرسل والملوك، وصلة تاريخ الطبري,17a42c113b84bbc608ac5082,399,401,3,1,18,27,0,0,1,0,ADAM_PRIMARY,,5160,False,PENDING,,,,,shamela://local/5ac170a3045185ccf78e81ebd473cafb8069279b898836fd768c78de76a3d8e5/book/9783/volume/1/page/402?database_sha256=3eac670046fd84fefb8ebfe68a2a2f5f37f7716804a599a61555d3ea8a0162cb&segment_id=399
SRC-HISTORY-TABARI-ADAM,9783,تاريخ الطبري = تاريخ الرسل والملوك، وصلة تاريخ الطبري,5df5c11791e4bcf8ce751535,423,425,3,1,18,27,0,0,1,0,ADAM_PRIMARY,,6825,False,PENDING,,,,,shamela://local/5ac170a3045185ccf78e81ebd473cafb8069279b898836fd768c78de76a3d8e5/book/9783/volume/1/page/426?database_sha256=3eac670046fd84fefb8ebfe68a2a2f5f37f7716804a599a61555d3ea8a0162cb&segment_id=423
SRC-HISTORY-TABARI-ADAM,9783,تاريخ الطبري = تاريخ الرسل والملوك، وصلة تاريخ الطبري,8168931b617cc5d5cc389150,479,481,3,1,18,27,0,0,1,0,ADAM_PRIMARY,,6313,False,PENDING,,,,,shamela://local/5ac170a3045185ccf78e81ebd473cafb8069279b898836fd768c78de76a3d8e5/book/9783/volume/1/page/482?database_sha256=3eac670046fd84fefb8ebfe68a2a2f5f37f7716804a599a61555d3ea8a0162cb&segment_id=479
SRC-HISTORY-TABARI-ADAM,9783,تاريخ الطبري = تاريخ الرسل والملوك، وصلة تاريخ الطبري,72789b17347b2fab0f068d55,3519,3521,3,1,18,27,0,0,1,0,ADAM_PRIMARY,,3280,False,PENDING,,,,,shamela://local/5ac170a3045185ccf78e81ebd473cafb8069279b898836fd768c78de76a3d8e5/book/9783/volume/6/page/439?database_sha256=3eac670046fd84fefb8ebfe68a2a2f5f37f7716804a599a61555d3ea8a0162cb&segment_id=3519
SRC-TAFSIR-BAGHAWI-ADAM,41,تفسير البغوي - طيبة,9eed2edbe4b5d7c23bd19c56,76,87,6,9,68,249,3,4,2,0,ADAM_PRIMARY | ANGELIC_PROSTRATION | CREATION_DECREE | CREATION_MATERIAL | HONOUR_AND_STATUS | PARADISE_RESIDENCE | TEACHING_NAMES,,18024,True,PENDING,,,,,shamela://local/5ac170a3045185ccf78e81ebd473cafb8069279b898836fd768c78de76a3d8e5/book/41/volume/1/page/78?database_sha256=3c48f871c4c38193770b4577fe46deb03f9ea6a0b609bd0fec5326673922b86c&segment_id=76
SRC-TAFSIR-BAGHAWI-ADAM,41,تفسير البغوي - طيبة,bd440ba20e6607ec3e5b7180,1759,1767,8,4,48,149,2,1,1,0,ADAM_PRIMARY | ANGELIC_PROSTRATION | CREATION_DECREE | CREATION_MATERIAL | SPIRIT_AND_FORM,,18024,True,PENDING,,,,,shamela://local/5ac170a3045185ccf78e81ebd473cafb8069279b898836fd768c78de76a3d8e5/book/41/volume/5/page/103?database_sha256=3c48f871c4c38193770b4577fe46deb03f9ea6a0b609bd0fec5326673922b86c&segment_id=1759
SRC-TAFSIR-BAGHAWI-ADAM,41,تفسير البغوي - طيبة,c631c95f61ee66f2f7cbc0b3,2686,2694,9,4,74,149,1,1,2,0,ADAM_PRIMARY | ANGELIC_PROSTRATION | CREATION_DECREE | CREATION_MATERIAL | SPIRIT_AND_FORM,,18024,True,PENDING,,,,,shamela://local/5ac170a3045185ccf78e81ebd473cafb8069279b898836fd768c78de76a3d8e5/book/41/volume/7/page/100?database_sha256=3c48f871c4c38193770b4577fe46deb03f9ea6a0b609bd0fec5326673922b86c&segment_id=2686
SRC-TAFSIR-BAGHAWI-ADAM,41,تفسير البغوي - طيبة,f752d9421479110788fbd363,1008,1023,8,8,47,144,1,3,4,0,ADAM_PRIMARY | ANGELIC_PROSTRATION | PARADISE_RESIDENCE,,18024,True,PENDING,,,,,shamela://local/5ac170a3045185ccf78e81ebd473cafb8069279b898836fd768c78de76a3d8e5/book/41/volume/3/page/215?database_sha256=3c48f871c4c38193770b4577fe46deb03f9ea6a0b609bd0fec5326673922b86c&segment_id=1008
SRC-TAFSIR-BAGHAWI-ADAM,41,تفسير البغوي - طيبة,6719c5ba9b6c89176bc7ba6b,1621,1627,7,4,54,111,0,2,2,0,ADAM_PRIMARY | ANGELIC_PROSTRATION | CREATION_DECREE | CREATION_MATERIAL | SPIRIT_AND_FORM,WAHB_IBN_MUNABBIH,16534,False,PENDING,,,,,shamela://local/5ac170a3045185ccf78e81ebd473cafb8069279b898836fd768c78de76a3d8e5/book/41/volume/4/page/377?database_sha256=3c48f871c4c38193770b4577fe46deb03f9ea6a0b609bd0fec5326673922b86c&segment_id=1621
SRC-TAFSIR-BAGHAWI-ADAM,41,تفسير البغوي - طيبة,62dbc6729a0b91cfede22bce,2446,2449,4,2,57,111,1,0,1,0,ADAM_PRIMARY | CREATION_DECREE | CREATION_MATERIAL | SPIRIT_AND_FORM,,8815,False,PENDING,,,,,shamela://local/5ac170a3045185ccf78e81ebd473cafb8069279b898836fd768c78de76a3d8e5/book/41/volume/6/page/296?database_sha256=3c48f871c4c38193770b4577fe46deb03f9ea6a0b609bd0fec5326673922b86c&segment_id=2446
SRC-TAFSIR-BAGHAWI-ADAM,41,تفسير البغوي - طيبة,072dc19337c0229482752f56,896,899,4,2,49,106,1,1,0,0,ADAM_PRIMARY | CREATION_DECREE | CREATION_MATERIAL,,11600,False,PENDING,,,,,shamela://local/5ac170a3045185ccf78e81ebd473cafb8069279b898836fd768c78de76a3d8e5/book/41/volume/3/page/125?database_sha256=3c48f871c4c38193770b4577fe46deb03f9ea6a0b609bd0fec5326673922b86c&segment_id=896
SRC-TAFSIR-BAGHAWI-ADAM,41,تفسير البغوي - طيبة,987509b658270c6f0ad14e22,3072,3075,4,2,46,95,1,0,1,0,ADAM_PRIMARY | CREATION_DECREE | SPIRIT_AND_FORM,,12962,False,PENDING,,,,,shamela://local/5ac170a3045185ccf78e81ebd473cafb8069279b898836fd768c78de76a3d8e5/book/41/volume/8/page/14?database_sha256=3c48f871c4c38193770b4577fe46deb03f9ea6a0b609bd0fec5326673922b86c&segment_id=3072
SRC-TAFSIR-BAGHAWI-ADAM,41,تفسير البغوي - طيبة,7a68488701442b7699c7852e,2094,2096,3,1,45,90,1,0,0,0,ADAM_PRIMARY | CREATION_DECREE | CREATION_MATERIAL,,9362,False,PENDING,,,,,shamela://local/5ac170a3045185ccf78e81ebd473cafb8069279b898836fd768c78de76a3d8e5/book/41/volume/5/page/410?database_sha256=3c48f871c4c38193770b4577fe46deb03f9ea6a0b609bd0fec5326673922b86c&segment_id=2094
SRC-TAFSIR-BAGHAWI-ADAM,41,تفسير البغوي - طيبة,7aff23c9bf5bb28d9235af49,2412,2414,3,1,43,88,1,0,0,0,ADAM_PRIMARY | CREATION_MATERIAL | PARADISE_RESIDENCE,,7239,False,PENDING,,,,,shamela://local/5ac170a3045185ccf78e81ebd473cafb8069279b898836fd768c78de76a3d8e5/book/41/volume/6/page/265?database_sha256=3c48f871c4c38193770b4577fe46deb03f9ea6a0b609bd0fec5326673922b86c&segment_id=2412
SRC-TAFSIR-BAGHAWI-ADAM,41,تفسير البغوي - طيبة,8bafe210a10d3bff36ad2fa4,3330,3332,3,1,41,86,1,0,0,0,ADAM_PRIMARY | CREATION_MATERIAL | SPIRIT_AND_FORM,,6519,False,PENDING,,,,,shamela://local/5ac170a3045185ccf78e81ebd473cafb8069279b898836fd768c78de76a3d8e5/book/41/volume/8/page/288?database_sha256=3c48f871c4c38193770b4577fe46deb03f9ea6a0b609bd0fec5326673922b86c&segment_id=3330
SRC-TAFSIR-BAGHAWI-ADAM,41,تفسير البغوي - طيبة,5ef420479660e7a5133edfe5,1123,1128,6,3,33,79,0,3,0,0,ADAM_PRIMARY | ANGELIC_PROSTRATION,,16731,False,PENDING,,,,,shamela://local/5ac170a3045185ccf78e81ebd473cafb8069279b898836fd768c78de76a3d8e5/book/41/volume/3/page/310?database_sha256=3c48f871c4c38193770b4577fe46deb03f9ea6a0b609bd0fec5326673922b86c&segment_id=1123
SRC-TAFSIR-BAGHAWI-ADAM,41,تفسير البغوي - طيبة,944cb9f0bbc1da5d0b68a897,3278,3281,4,2,33,72,0,2,0,0,ADAM_PRIMARY | ANGELIC_PROSTRATION | CREATION_DECREE,,11266,False,PENDING,,,,,shamela://local/5ac170a3045185ccf78e81ebd473cafb8069279b898836fd768c78de76a3d8e5/book/41/volume/8/page/230?database_sha256=3c48f871c4c38193770b4577fe46deb03f9ea6a0b609bd0fec5326673922b86c&segment_id=3278
SRC-TAFSIR-BAGHAWI-ADAM,41,تفسير البغوي - طيبة,88f17242fc360e8202ed30fa,1841,1844,4,2,37,71,0,2,0,0,ADAM_PRIMARY | ANGELIC_PROSTRATION,,12463,False,PENDING,,,,,shamela://local/5ac170a3045185ccf78e81ebd473cafb8069279b898836fd768c78de76a3d8e5/book/41/volume/5/page/177?database_sha256=3c48f871c4c38193770b4577fe46deb03f9ea6a0b609bd0fec5326673922b86c&segment_id=1841
SRC-TAFSIR-BAGHAWI-ADAM,41,تفسير البغوي - طيبة,4a99607f0a0ed9cf82a4e9cd,1108,1113,6,4,34,68,0,1,3,0,ADAM_PRIMARY | CREATION_DECREE,,17330,False,PENDING,,,,,shamela://local/5ac170a3045185ccf78e81ebd473cafb8069279b898836fd768c78de76a3d8e5/book/41/volume/3/page/297?database_sha256=3c48f871c4c38193770b4577fe46deb03f9ea6a0b609bd0fec5326673922b86c&segment_id=1108
SRC-TAFSIR-BAGHAWI-ADAM,41,تفسير البغوي - طيبة,1b2b62e49e7861f35705d179,2019,2022,2,2,33,67,0,2,0,0,ADAM_PRIMARY | ANGELIC_PROSTRATION,KAB_AL_AHBAR | WAHB_IBN_MUNABBIH,18024,True,PENDING,,,,,shamela://local/5ac170a3045185ccf78e81ebd473cafb8069279b898836fd768c78de76a3d8e5/book/41/volume/5/page/339?database_sha256=3c48f871c4c38193770b4577fe46deb03f9ea6a0b609bd0fec5326673922b86c&segment_id=2019
SRC-TAFSIR-BAGHAWI-ADAM,41,تفسير البغوي - طيبة,8b9819c1afbac6b299c58aaf,2040,2044,5,3,29,67,0,2,1,0,ADAM_PRIMARY | CREATION_MATERIAL,,12982,False,PENDING,,,,,shamela://local/5ac170a3045185ccf78e81ebd473cafb8069279b898836fd768c78de76a3d8e5/book/41/volume/5/page/361?database_sha256=3c48f871c4c38193770b4577fe46deb03f9ea6a0b609bd0fec5326673922b86c&segment_id=2040
SRC-TAFSIR-BAGHAWI-ADAM,41,تفسير البغوي - طيبة,f6d9c9f2445049e058f24a94,3358,3360,3,1,33,55,0,1,0,0,ADAM_PRIMARY | ANGELIC_PROSTRATION,,5943,False,PENDING,,,,,shamela://local/5ac170a3045185ccf78e81ebd473cafb8069279b898836fd768c78de76a3d8e5/book/41/volume/8/page/318?database_sha256=3c48f871c4c38193770b4577fe46deb03f9ea6a0b609bd0fec5326673922b86c&segment_id=3358
SRC-TAFSIR-IBN-ABI-HATIM-ADAM,8658,تفسير ابن أبي حاتم,36e6d012c4212ab5ad9b6da1,48,101,7,42,94,463,3,11,28,0,ADAM_PRIMARY | ANGELIC_PROSTRATION | CREATION_DECREE | CREATION_MATERIAL | HONOUR_AND_STATUS | PARADISE_RESIDENCE | TEACHING_NAMES,WAHB_IBN_MUNABBIH,18024,True,PENDING,,,,,shamela://local/5ac170a3045185ccf78e81ebd473cafb8069279b898836fd768c78de76a3d8e5/book/8658/volume/1/page/58?database_sha256=72fa72e670a63139b624db32c1e3752a5b3d10c862b3245339d4eadd5995f23a&segment_id=48
SRC-TAFSIR-IBN-ABI-HATIM-ADAM,8658,تفسير ابن أبي حاتم,30690c525905a898ea4bdd81,1437,1451,7,9,79,222,1,7,1,0,ADAM_PRIMARY | ANGELIC_PROSTRATION | CREATION_DECREE | PARADISE_RESIDENCE | SPIRIT_AND_FORM,WAHB_IBN_MUNABBIH,18024,True,PENDING,,,,,shamela://local/5ac170a3045185ccf78e81ebd473cafb8069279b898836fd768c78de76a3d8e5/book/8658/volume/5/page/1447?database_sha256=72fa72e670a63139b624db32c1e3752a5b3d10c862b3245339d4eadd5995f23a&segment_id=1437
SRC-TAFSIR-IBN-ABI-HATIM-ADAM,8658,تفسير ابن أبي حاتم,195af02927347763c7e23adc,211,247,7,23,29,139,0,1,22,0,ADAM_PRIMARY | ANGELIC_PROSTRATION,,18023,True,PENDING,,,,,shamela://local/5ac170a3045185ccf78e81ebd473cafb8069279b898836fd768c78de76a3d8e5/book/8658/volume/1/page/221?database_sha256=72fa72e670a63139b624db32c1e3752a5b3d10c862b3245339d4eadd5995f23a&segment_id=211
SRC-TAFSIR-IBN-ABI-HATIM-ADAM,8658,تفسير ابن أبي حاتم,b68db3ffa1d05aaee32d8e01,135,172,7,26,18,127,0,0,26,0,ADAM_PRIMARY,,18024,True,PENDING,,,,,shamela://local/5ac170a3045185ccf78e81ebd473cafb8069279b898836fd768c78de76a3d8e5/book/8658/volume/1/page/145?database_sha256=72fa72e670a63139b624db32c1e3752a5b3d10c862b3245339d4eadd5995f23a&segment_id=135
SRC-TAFSIR-IBN-ABI-HATIM-ADAM,8658,تفسير ابن أبي حاتم,aac3657c3396a95405ac97ab,3491,3497,7,3,45,119,1,2,0,0,ADAM_PRIMARY | ANGELIC_PROSTRATION | CREATION_DECREE | SPIRIT_AND_FORM,,8939,False,PENDING,,,,,shamela://local/5ac170a3045185ccf78e81ebd473cafb8069279b898836fd768c78de76a3d8e5/book/8658/volume/11/page/27?database_sha256=72fa72e670a63139b624db32c1e3752a5b3d10c862b3245339d4eadd5995f23a&segment_id=3491
SRC-TAFSIR-IBN-ABI-HATIM-ADAM,8658,تفسير ابن أبي حاتم,d368f80616cf6599c0096881,4094,4096,3,1,62,112,1,0,0,0,ADAM_PRIMARY | ANGELIC_PROSTRATION | CREATION_DECREE | CREATION_MATERIAL,,4229,False,PENDING,,,,,shamela://local/5ac170a3045185ccf78e81ebd473cafb8069279b898836fd768c78de76a3d8e5/book/8658/volume/12/page/638?database_sha256=72fa72e670a63139b624db32c1e3752a5b3d10c862b3245339d4eadd5995f23a&segment_id=4094
SRC-TAFSIR-IBN-ABI-HATIM-ADAM,8658,تفسير ابن أبي حاتم,654e3a6f1897e0ccb4fcee7e,2323,2330,8,3,46,107,1,1,1,0,ADAM_PRIMARY | ANGELIC_PROSTRATION | CREATION_MATERIAL,,18024,True,PENDING,,,,,shamela://local/5ac170a3045185ccf78e81ebd473cafb8069279b898836fd768c78de76a3d8e5/book/8658/volume/7/page/2333?database_sha256=72fa72e670a63139b624db32c1e3752a5b3d10c862b3245339d4eadd5995f23a&segment_id=2323
SRC-TAFSIR-IBN-ABI-HATIM-ADAM,8658,تفسير ابن أبي حاتم,5c38af7ad19e570771822202,1432,1434,3,1,56,101,1,0,0,0,ADAM_PRIMARY | ANGELIC_PROSTRATION | CREATION_MATERIAL,,7744,False,PENDING,,,,,shamela://local/5ac170a3045185ccf78e81ebd473cafb8069279b898836fd768c78de76a3d8e5/book/8658/volume/5/page/1442?database_sha256=72fa72e670a63139b624db32c1e3752a5b3d10c862b3245339d4eadd5995f23a&segment_id=1432
SRC-TAFSIR-IBN-ABI-HATIM-ADAM,8658,تفسير ابن أبي حاتم,253f8f7aa4a315ef9370aade,1619,1626,7,4,35,98,0,4,0,0,ADAM_PRIMARY | ANGELIC_PROSTRATION | PARADISE_RESIDENCE,,18024,True,PENDING,,,,,shamela://local/5ac170a3045185ccf78e81ebd473cafb8069279b898836fd768c78de76a3d8e5/book/8658/volume/5/page/1629?database_sha256=72fa72e670a63139b624db32c1e3752a5b3d10c862b3245339d4eadd5995f23a&segment_id=1619
SRC-TAFSIR-IBN-ABI-HATIM-ADAM,8658,تفسير ابن أبي حاتم,9211993f3265b68dca7bf569,3163,3165,3,1,50,95,1,0,0,0,ADAM_PRIMARY | CREATION_DECREE | CREATION_MATERIAL,,8159,False,PENDING,,,,,shamela://local/5ac170a3045185ccf78e81ebd473cafb8069279b898836fd768c78de76a3d8e5/book/8658/volume/10/page/3173?database_sha256=72fa72e670a63139b624db32c1e3752a5b3d10c862b3245339d4eadd5995f23a&segment_id=3163
SRC-TAFSIR-IBN-ABI-HATIM-ADAM,8658,تفسير ابن أبي حاتم,0c08e555c7b195f6fd48976a,2676,2678,3,1,47,92,1,0,0,0,ADAM_PRIMARY | ANGELIC_PROSTRATION | CREATION_DECREE,,8402,False,PENDING,,,,,shamela://local/5ac170a3045185ccf78e81ebd473cafb8069279b898836fd768c78de76a3d8e5/book/8658/volume/8/page/2686?database_sha256=72fa72e670a63139b624db32c1e3752a5b3d10c862b3245339d4eadd5995f23a&segment_id=2676
SRC-TAFSIR-IBN-ABI-HATIM-ADAM,8658,تفسير ابن أبي حاتم,8360623b76524aacc9944eae,106,126,7,17,18,91,0,0,17,0,ADAM_PRIMARY,WAHB_IBN_MUNABBIH,18023,True,PENDING,,,,,shamela://local/5ac170a3045185ccf78e81ebd473cafb8069279b898836fd768c78de76a3d8e5/book/8658/volume/1/page/116?database_sha256=72fa72e670a63139b624db32c1e3752a5b3d10c862b3245339d4eadd5995f23a&segment_id=106
SRC-TAFSIR-IBN-ABI-HATIM-ADAM,8658,تفسير ابن أبي حاتم,01586af221aa5f58f23b4b89,4398,4401,4,2,43,87,0,2,0,0,ADAM_PRIMARY | ANGELIC_PROSTRATION | PARADISE_RESIDENCE | TEACHING_NAMES,,4997,False,PENDING,,,,,shamela://local/5ac170a3045185ccf78e81ebd473cafb8069279b898836fd768c78de76a3d8e5/book/8658/volume/13/page/949?database_sha256=72fa72e670a63139b624db32c1e3752a5b3d10c862b3245339d4eadd5995f23a&segment_id=4398
SRC-TAFSIR-IBN-ABI-HATIM-ADAM,8658,تفسير ابن أبي حاتم,b998c1741b602f5e6ab7c25e,472,474,3,1,41,86,1,0,0,0,ADAM_PRIMARY | CREATION_MATERIAL | SPIRIT_AND_FORM,,7543,False,PENDING,,,,,shamela://local/5ac170a3045185ccf78e81ebd473cafb8069279b898836fd768c78de76a3d8e5/book/8658/volume/2/page/482?database_sha256=72fa72e670a63139b624db32c1e3752a5b3d10c862b3245339d4eadd5995f23a&segment_id=472
SRC-TAFSIR-IBN-ABI-HATIM-ADAM,8658,تفسير ابن أبي حاتم,b40c562d3415e312c9f7a4c7,1601,1605,5,3,40,86,0,3,0,0,ADAM_PRIMARY | CREATION_DECREE,,15163,False,PENDING,,,,,shamela://local/5ac170a3045185ccf78e81ebd473cafb8069279b898836fd768c78de76a3d8e5/book/8658/volume/5/page/1611?database_sha256=72fa72e670a63139b624db32c1e3752a5b3d10c862b3245339d4eadd5995f23a&segment_id=1601
SRC-TAFSIR-IBN-ABI-HATIM-ADAM,8658,تفسير ابن أبي حاتم,ba50ff734ac7f1afa95ce2a4,2249,2253,5,2,36,75,0,2,0,0,ADAM_PRIMARY | ANGELIC_PROSTRATION | CREATION_MATERIAL,,10438,False,PENDING,,,,,shamela://local/5ac170a3045185ccf78e81ebd473cafb8069279b898836fd768c78de76a3d8e5/book/8658/volume/7/page/2259?database_sha256=72fa72e670a63139b624db32c1e3752a5b3d10c862b3245339d4eadd5995f23a&segment_id=2249
SRC-TAFSIR-IBN-ABI-HATIM-ADAM,8658,تفسير ابن أبي حاتم,baef7d8161e82647c4f67da2,2355,2358,4,2,41,75,0,2,0,0,ADAM_PRIMARY | ANGELIC_PROSTRATION,,8043,False,PENDING,,,,,shamela://local/5ac170a3045185ccf78e81ebd473cafb8069279b898836fd768c78de76a3d8e5/book/8658/volume/7/page/2365?database_sha256=72fa72e670a63139b624db32c1e3752a5b3d10c862b3245339d4eadd5995f23a&segment_id=2355
SRC-TAFSIR-IBN-ABI-HATIM-ADAM,8658,تفسير ابن أبي حاتم,ddd475af52208935aefc02a8,22,41,7,12,18,71,0,0,12,0,ADAM_PRIMARY,,18024,True,PENDING,,,,,shamela://local/5ac170a3045185ccf78e81ebd473cafb8069279b898836fd768c78de76a3d8e5/book/8658/volume/1/page/32?database_sha256=72fa72e670a63139b624db32c1e3752a5b3d10c862b3245339d4eadd5995f23a&segment_id=22
SRC-TAFSIR-IBN-ABI-HATIM-ADAM,8658,تفسير ابن أبي حاتم,2d788a922721242d7c99035f,3869,3873,5,2,35,69,0,2,0,0,ADAM_PRIMARY | ANGELIC_PROSTRATION,,7170,False,PENDING,,,,,shamela://local/5ac170a3045185ccf78e81ebd473cafb8069279b898836fd768c78de76a3d8e5/book/8658/volume/12/page/411?database_sha256=72fa72e670a63139b624db32c1e3752a5b3d10c862b3245339d4eadd5995f23a&segment_id=3869
SRC-TAFSIR-IBN-ABI-HATIM-ADAM,8658,تفسير ابن أبي حاتم,404b0fc80d53c49fa2345e97,3644,3646,3,1,32,54,0,1,0,0,ADAM_PRIMARY | CREATION_DECREE,,3567,False,PENDING,,,,,shamela://local/5ac170a3045185ccf78e81ebd473cafb8069279b898836fd768c78de76a3d8e5/book/8658/volume/11/page/182?database_sha256=72fa72e670a63139b624db32c1e3752a5b3d10c862b3245339d4eadd5995f23a&segment_id=3644
SRC-TAFSIR-IBN-KATHIR-ADAM,1503,تفسير ابن كثير - ط ابن الجوزي,4758e5ff4159f946e60c45a2,315,349,7,26,86,622,12,10,4,0,ADAM_PRIMARY | ANGELIC_PROSTRATION | CREATION_DECREE | CREATION_MATERIAL | HONOUR_AND_STATUS | PARADISE_RESIDENCE | SPIRIT_AND_FORM | TEACHING_NAMES,KAB_AL_AHBAR,18024,True,PENDING,,,,,shamela://local/5ac170a3045185ccf78e81ebd473cafb8069279b898836fd768c78de76a3d8e5/book/1503/volume/1/page/318?database_sha256=e81a1a6fa62cc5dfa224bc326728ab924456e6a77cdb10e17e887ab19a8081d8&segment_id=373
SRC-TAFSIR-IBN-KATHIR-ADAM,1503,تفسير ابن كثير - ط ابن الجوزي,d432b6fd83e9ac644e5b96d8,2443,2450,6,4,78,187,2,2,0,0,ADAM_PRIMARY | ANGELIC_PROSTRATION | CREATION_DECREE | CREATION_MATERIAL | SPIRIT_AND_FORM,,18023,True,PENDING,,,,,shamela://local/5ac170a3045185ccf78e81ebd473cafb8069279b898836fd768c78de76a3d8e5/book/1503/volume/4/page/642?database_sha256=e81a1a6fa62cc5dfa224bc326728ab924456e6a77cdb10e17e887ab19a8081d8&segment_id=2501
SRC-TAFSIR-IBN-KATHIR-ADAM,1503,تفسير ابن كثير - ط ابن الجوزي,a6a710910d8fe66122a3864c,1809,1812,4,2,88,173,2,0,0,0,ADAM_PRIMARY | ANGELIC_PROSTRATION | CREATION_DECREE | CREATION_MATERIAL | SPIRIT_AND_FORM,,11343,False,PENDING,,,,,shamela://local/5ac170a3045185ccf78e81ebd473cafb8069279b898836fd768c78de76a3d8e5/book/1503/volume/4/page/8?database_sha256=e81a1a6fa62cc5dfa224bc326728ab924456e6a77cdb10e17e887ab19a8081d8&segment_id=1867
SRC-TAFSIR-IBN-KATHIR-ADAM,1503,تفسير ابن كثير - ط ابن الجوزي,1058089e94ef260fb04c5632,2685,2689,5,3,82,161,1,2,0,0,ADAM_PRIMARY | ANGELIC_PROSTRATION | CREATION_DECREE | CREATION_MATERIAL | SPIRIT_AND_FORM,,15256,False,PENDING,,,,,shamela://local/5ac170a3045185ccf78e81ebd473cafb8069279b898836fd768c78de76a3d8e5/book/1503/volume/5/page/165?database_sha256=e81a1a6fa62cc5dfa224bc326728ab924456e6a77cdb10e17e887ab19a8081d8&segment_id=2743
SRC-TAFSIR-IBN-KATHIR-ADAM,1503,تفسير ابن كثير - ط ابن الجوزي,9193c585020feb93d8cb1eaa,3648,3651,4,2,74,159,2,0,0,0,ADAM_PRIMARY | ANGELIC_PROSTRATION | CREATION_DECREE | CREATION_MATERIAL | SPIRIT_AND_FORM,,11847,False,PENDING,,,,,shamela://local/5ac170a3045185ccf78e81ebd473cafb8069279b898836fd768c78de76a3d8e5/book/1503/volume/6/page/434?database_sha256=e81a1a6fa62cc5dfa224bc326728ab924456e6a77cdb10e17e887ab19a8081d8&segment_id=3706
SRC-TAFSIR-IBN-KATHIR-ADAM,1503,تفسير ابن كثير - ط ابن الجوزي,dcead972f2e21e22cc8909a7,998,1005,6,5,59,156,2,0,3,0,ADAM_PRIMARY | ANGELIC_PROSTRATION | CREATION_DECREE | CREATION_MATERIAL | PARADISE_RESIDENCE,,18024,True,PENDING,,,,,shamela://local/5ac170a3045185ccf78e81ebd473cafb8069279b898836fd768c78de76a3d8e5/book/1503/volume/2/page/351?database_sha256=e81a1a6fa62cc5dfa224bc326728ab924456e6a77cdb10e17e887ab19a8081d8&segment_id=1056
SRC-TAFSIR-IBN-KATHIR-ADAM,1503,تفسير ابن كثير - ط ابن الجوزي,3da1517fc571baa7411840cc,2611,2614,4,2,58,138,2,0,0,0,ADAM_PRIMARY | ANGELIC_PROSTRATION | CREATION_DECREE | CREATION_MATERIAL,,11382,False,PENDING,,,,,shamela://local/5ac170a3045185ccf78e81ebd473cafb8069279b898836fd768c78de76a3d8e5/book/1503/volume/5/page/91?database_sha256=e81a1a6fa62cc5dfa224bc326728ab924456e6a77cdb10e17e887ab19a8081d8&segment_id=2669
SRC-TAFSIR-IBN-KATHIR-ADAM,1503,تفسير ابن كثير - ط ابن الجوزي,130661e6a76cee4f1512a2c9,3352,3355,4,2,57,137,2,0,0,0,ADAM_PRIMARY | CREATION_DECREE | CREATION_MATERIAL | SPIRIT_AND_FORM,KAB_AL_AHBAR,11715,False,PENDING,,,,,shamela://local/5ac170a3045185ccf78e81ebd473cafb8069279b898836fd768c78de76a3d8e5/book/1503/volume/6/page/138?database_sha256=e81a1a6fa62cc5dfa224bc326728ab924456e6a77cdb10e17e887ab19a8081d8&segment_id=3410
SRC-TAFSIR-IBN-KATHIR-ADAM,1503,تفسير ابن كثير - ط ابن الجوزي,b313038792106649e50247ee,1417,1427,7,6,44,135,2,0,4,0,ADAM_PRIMARY | CREATION_DECREE | SPIRIT_AND_FORM,,18024,True,PENDING,,,,,shamela://local/5ac170a3045185ccf78e81ebd473cafb8069279b898836fd768c78de76a3d8e5/book/1503/volume/3/page/269?database_sha256=e81a1a6fa62cc5dfa224bc326728ab924456e6a77cdb10e17e887ab19a8081d8&segment_id=1475
SRC-TAFSIR-IBN-KATHIR-ADAM,1503,تفسير ابن كثير - ط ابن الجوزي,4ee41dd27c2360b4b36541f1,3301,3304,4,2,68,135,1,1,0,0,ADAM_PRIMARY | CREATION_DECREE | CREATION_MATERIAL | HADITH_ANCHORS | SPIRIT_AND_FORM,,12297,False,PENDING,,,,,shamela://local/5ac170a3045185ccf78e81ebd473cafb8069279b898836fd768c78de76a3d8e5/book/1503/volume/6/page/87?database_sha256=e81a1a6fa62cc5dfa224bc326728ab924456e6a77cdb10e17e887ab19a8081d8&segment_id=3359
SRC-TAFSIR-IBN-KATHIR-ADAM,1503,تفسير ابن كثير - ط ابن الجوزي,e1527187ffa73e11aba3abf9,351,356,6,3,47,134,2,1,0,0,ADAM_PRIMARY | ANGELIC_PROSTRATION | CREATION_DECREE,WAHB_IBN_MUNABBIH,16766,False,PENDING,,,,,shamela://local/5ac170a3045185ccf78e81ebd473cafb8069279b898836fd768c78de76a3d8e5/book/1503/volume/1/page/354?database_sha256=e81a1a6fa62cc5dfa224bc326728ab924456e6a77cdb10e17e887ab19a8081d8&segment_id=409
SRC-TAFSIR-IBN-KATHIR-ADAM,1503,تفسير ابن كثير - ط ابن الجوزي,06c005d586b9c9794f75a3f3,2971,2976,6,2,64,126,1,1,0,0,ADAM_PRIMARY | CREATION_DECREE | CREATION_MATERIAL | HADITH_ANCHORS,,17613,False,PENDING,,,,,shamela://local/5ac170a3045185ccf78e81ebd473cafb8069279b898836fd768c78de76a3d8e5/book/1503/volume/5/page/451?database_sha256=e81a1a6fa62cc5dfa224bc326728ab924456e6a77cdb10e17e887ab19a8081d8&segment_id=3029
SRC-TAFSIR-IBN-KATHIR-ADAM,1503,تفسير ابن كثير - ط ابن الجوزي,23c2d9956626a300c0f945b2,2899,2905,7,4,41,111,1,1,2,0,ADAM_PRIMARY | ANGELIC_PROSTRATION | CREATION_MATERIAL | SPIRIT_AND_FORM,,18024,True,PENDING,,,,,shamela://local/5ac170a3045185ccf78e81ebd473cafb8069279b898836fd768c78de76a3d8e5/book/1503/volume/5/page/379?database_sha256=e81a1a6fa62cc5dfa224bc326728ab924456e6a77cdb10e17e887ab19a8081d8&segment_id=2957
SRC-TAFSIR-IBN-KATHIR-ADAM,1503,تفسير ابن كثير - ط ابن الجوزي,61d2bec64e93ae06f3ce7bef,1504,1512,7,4,46,103,1,0,3,0,ADAM_PRIMARY | CREATION_DECREE | SPIRIT_AND_FORM,,18024,True,PENDING,,,,,shamela://local/5ac170a3045185ccf78e81ebd473cafb8069279b898836fd768c78de76a3d8e5/book/1503/volume/3/page/356?database_sha256=e81a1a6fa62cc5dfa224bc326728ab924456e6a77cdb10e17e887ab19a8081d8&segment_id=1562
SRC-TAFSIR-IBN-KATHIR-ADAM,1503,تفسير ابن كثير - ط ابن الجوزي,ecf14a977ef20533f83c0731,2616,2619,4,2,46,103,1,1,0,0,ADAM_PRIMARY | CREATION_DECREE | SPIRIT_AND_FORM,,11925,False,PENDING,,,,,shamela://local/5ac170a3045185ccf78e81ebd473cafb8069279b898836fd768c78de76a3d8e5/book/1503/volume/5/page/96?database_sha256=e81a1a6fa62cc5dfa224bc326728ab924456e6a77cdb10e17e887ab19a8081d8&segment_id=2674
SRC-TAFSIR-IBN-KATHIR-ADAM,1503,تفسير ابن كثير - ط ابن الجوزي,700f779dc6e3846ad86afede,3205,3207,3,1,47,92,1,0,0,0,ADAM_PRIMARY | CREATION_DECREE | CREATION_MATERIAL,,9093,False,PENDING,,,,,shamela://local/5ac170a3045185ccf78e81ebd473cafb8069279b898836fd768c78de76a3d8e5/book/1503/volume/5/page/685?database_sha256=e81a1a6fa62cc5dfa224bc326728ab924456e6a77cdb10e17e887ab19a8081d8&segment_id=3263
SRC-TAFSIR-SAADI-ADAM,42,تفسير السعدي = تيسير الكريم الرحمن,4aab5b845f55f22e5730aa48,45,49,5,3,104,203,2,0,1,0,ADAM_PRIMARY | ANGELIC_PROSTRATION | CREATION_DECREE | CREATION_MATERIAL | HONOUR_AND_STATUS | PARADISE_RESIDENCE | TEACHING_NAMES,,11610,False,PENDING,,,,,shamela://local/5ac170a3045185ccf78e81ebd473cafb8069279b898836fd768c78de76a3d8e5/book/42/volume/0/page/48?database_sha256=afaa57ca7290c648083328f67adfa34d73fd1bab16e3e82a72af1e5af6294401&segment_id=45
SRC-TAFSIR-SAADI-ADAM,42,تفسير السعدي = تيسير الكريم الرحمن,e11186389f240df99ded06c9,541,555,12,9,58,187,2,2,5,0,ADAM_PRIMARY | ANGELIC_PROSTRATION | CREATION_DECREE | CREATION_MATERIAL | PARADISE_RESIDENCE,,18024,True,PENDING,,,,,shamela://local/5ac170a3045185ccf78e81ebd473cafb8069279b898836fd768c78de76a3d8e5/book/42/volume/0/page/284?database_sha256=afaa57ca7290c648083328f67adfa34d73fd1bab16e3e82a72af1e5af6294401&segment_id=541
SRC-TAFSIR-SAADI-ADAM,42,تفسير السعدي = تيسير الكريم الرحمن,af172952b4ca05bf576f56b9,923,926,4,2,80,165,2,0,0,0,ADAM_PRIMARY | ANGELIC_PROSTRATION | CREATION_DECREE | CREATION_MATERIAL | SPIRIT_AND_FORM,,7837,False,PENDING,,,,,shamela://local/5ac170a3045185ccf78e81ebd473cafb8069279b898836fd768c78de76a3d8e5/book/42/volume/0/page/430?database_sha256=afaa57ca7290c648083328f67adfa34d73fd1bab16e3e82a72af1e5af6294401&segment_id=923
SRC-TAFSIR-SAADI-ADAM,42,تفسير السعدي = تيسير الكريم الرحمن,f571093401615ab0f45d9ae5,1618,1620,3,1,74,129,1,0,0,0,ADAM_PRIMARY | ANGELIC_PROSTRATION | CREATION_DECREE | CREATION_MATERIAL | SPIRIT_AND_FORM,,9166,False,PENDING,,,,,shamela://local/5ac170a3045185ccf78e81ebd473cafb8069279b898836fd768c78de76a3d8e5/book/42/volume/0/page/716?database_sha256=afaa57ca7290c648083328f67adfa34d73fd1bab16e3e82a72af1e5af6294401&segment_id=1618
SRC-TAFSIR-SAADI-ADAM,42,تفسير السعدي = تيسير الكريم الرحمن,ecbd97a719a3b56aea7d3f94,1027,1032,6,2,66,120,1,0,1,0,ADAM_PRIMARY | ANGELIC_PROSTRATION | CREATION_DECREE | CREATION_MATERIAL,,11463,False,PENDING,,,,,shamela://local/5ac170a3045185ccf78e81ebd473cafb8069279b898836fd768c78de76a3d8e5/book/42/volume/0/page/461?database_sha256=afaa57ca7290c648083328f67adfa34d73fd1bab16e3e82a72af1e5af6294401&segment_id=1027
SRC-TAFSIR-SAADI-ADAM,42,تفسير السعدي = تيسير الكريم الرحمن,a15644471b665c0740787f32,1473,1475,3,1,61,111,1,0,0,0,ADAM_PRIMARY | CREATION_DECREE | CREATION_MATERIAL | SPIRIT_AND_FORM,,6104,False,PENDING,,,,,shamela://local/5ac170a3045185ccf78e81ebd473cafb8069279b898836fd768c78de76a3d8e5/book/42/volume/0/page/653?database_sha256=afaa57ca7290c648083328f67adfa34d73fd1bab16e3e82a72af1e5af6294401&segment_id=1473
SRC-TAFSIR-SAADI-ADAM,42,تفسير السعدي = تيسير الكريم الرحمن,9c62f266f8d57301885902a2,1240,1242,3,1,59,109,1,0,0,0,ADAM_PRIMARY | CREATION_DECREE | CREATION_MATERIAL | SPIRIT_AND_FORM,,8434,False,PENDING,,,,,shamela://local/5ac170a3045185ccf78e81ebd473cafb8069279b898836fd768c78de76a3d8e5/book/42/volume/0/page/547?database_sha256=afaa57ca7290c648083328f67adfa34d73fd1bab16e3e82a72af1e5af6294401&segment_id=1240
SRC-TAFSIR-SAADI-ADAM,42,تفسير السعدي = تيسير الكريم الرحمن,2a116191848963b5cffa8404,1155,1159,5,3,39,97,1,0,2,0,ADAM_PRIMARY | ANGELIC_PROSTRATION | CREATION_DECREE | CREATION_MATERIAL,,9326,False,PENDING,,,,,shamela://local/5ac170a3045185ccf78e81ebd473cafb8069279b898836fd768c78de76a3d8e5/book/42/volume/0/page/514?database_sha256=afaa57ca7290c648083328f67adfa34d73fd1bab16e3e82a72af1e5af6294401&segment_id=1155
SRC-TAFSIR-SAADI-ADAM,42,تفسير السعدي = تيسير الكريم الرحمن,33b911d86e1972364e5b6db8,1887,1889,3,1,46,91,1,0,0,0,ADAM_PRIMARY | ANGELIC_PROSTRATION | CREATION_MATERIAL,,6279,False,PENDING,,,,,shamela://local/5ac170a3045185ccf78e81ebd473cafb8069279b898836fd768c78de76a3d8e5/book/42/volume/0/page/828?database_sha256=afaa57ca7290c648083328f67adfa34d73fd1bab16e3e82a72af1e5af6294401&segment_id=1887
SRC-TAFSIR-SAADI-ADAM,42,تفسير السعدي = تيسير الكريم الرحمن,f70caa35d20d2b796306d344,458,460,3,1,43,88,1,0,0,0,ADAM_PRIMARY | CREATION_DECREE | CREATION_MATERIAL,,2867,False,PENDING,,,,,shamela://local/5ac170a3045185ccf78e81ebd473cafb8069279b898836fd768c78de76a3d8e5/book/42/volume/0/page/250?database_sha256=afaa57ca7290c648083328f67adfa34d73fd1bab16e3e82a72af1e5af6294401&segment_id=458
SRC-TAFSIR-SAADI-ADAM,42,تفسير السعدي = تيسير الكريم الرحمن,4f3dbe583ef950f584b689f2,209,211,3,1,41,86,1,0,0,0,ADAM_PRIMARY | HONOUR_AND_STATUS | SPIRIT_AND_FORM,,8382,False,PENDING,,,,,shamela://local/5ac170a3045185ccf78e81ebd473cafb8069279b898836fd768c78de76a3d8e5/book/42/volume/0/page/128?database_sha256=afaa57ca7290c648083328f67adfa34d73fd1bab16e3e82a72af1e5af6294401&segment_id=209
SRC-TAFSIR-SAADI-ADAM,42,تفسير السعدي = تيسير الكريم الرحمن,9aaecf97d3aa8e3d7e3af4ff,2165,2170,4,3,29,80,0,3,0,0,ADAM_PRIMARY | CREATION_MATERIAL | HONOUR_AND_STATUS,,18024,True,PENDING,,,,,shamela://local/5ac170a3045185ccf78e81ebd473cafb8069279b898836fd768c78de76a3d8e5/book/42/volume/0/page/964?database_sha256=afaa57ca7290c648083328f67adfa34d73fd1bab16e3e82a72af1e5af6294401&segment_id=2165
SRC-TAFSIR-SAADI-ADAM,42,تفسير السعدي = تيسير الكريم الرحمن,c2b5847f70287b870b810f8a,1525,1527,3,1,33,55,0,1,0,0,ADAM_PRIMARY | ANGELIC_PROSTRATION,,10024,False,PENDING,,,,,shamela://local/5ac170a3045185ccf78e81ebd473cafb8069279b898836fd768c78de76a3d8e5/book/42/volume/0/page/676?database_sha256=afaa57ca7290c648083328f67adfa34d73fd1bab16e3e82a72af1e5af6294401&segment_id=1525
SRC-TAFSIR-SAADI-ADAM,42,تفسير السعدي = تيسير الكريم الرحمن,0d19d37234a09faa2c1cfb9e,1676,1680,5,2,29,55,0,1,1,0,ADAM_PRIMARY | CREATION_MATERIAL,,12432,False,PENDING,,,,,shamela://local/5ac170a3045185ccf78e81ebd473cafb8069279b898836fd768c78de76a3d8e5/book/42/volume/0/page/740?database_sha256=afaa57ca7290c648083328f67adfa34d73fd1bab16e3e82a72af1e5af6294401&segment_id=1676
SRC-TAFSIR-SAADI-ADAM,42,تفسير السعدي = تيسير الكريم الرحمن,06d7dbc2823c4d9f90c3c3da,112,114,3,1,32,54,0,1,0,0,ADAM_PRIMARY | CREATION_DECREE,,12011,False,PENDING,,,,,shamela://local/5ac170a3045185ccf78e81ebd473cafb8069279b898836fd768c78de76a3d8e5/book/42/volume/0/page/77?database_sha256=afaa57ca7290c648083328f67adfa34d73fd1bab16e3e82a72af1e5af6294401&segment_id=112
SRC-TAFSIR-SAADI-ADAM,42,تفسير السعدي = تيسير الكريم الرحمن,8392b5dcd8e68b41a83afdbd,503,505,3,1,32,54,0,1,0,0,ADAM_PRIMARY | CREATION_DECREE,,12666,False,PENDING,,,,,shamela://local/5ac170a3045185ccf78e81ebd473cafb8069279b898836fd768c78de76a3d8e5/book/42/volume/0/page/264?database_sha256=afaa57ca7290c648083328f67adfa34d73fd1bab16e3e82a72af1e5af6294401&segment_id=503
SRC-TAFSIR-SAADI-ADAM,42,تفسير السعدي = تيسير الكريم الرحمن,100baddef8c6cd3ae157e670,1183,1185,3,1,32,54,0,1,0,0,ADAM_PRIMARY | CREATION_DECREE,,10990,False,PENDING,,,,,shamela://local/5ac170a3045185ccf78e81ebd473cafb8069279b898836fd768c78de76a3d8e5/book/42/volume/0/page/525?database_sha256=afaa57ca7290c648083328f67adfa34d73fd1bab16e3e82a72af1e5af6294401&segment_id=1183
SRC-TAFSIR-SAADI-ADAM,42,تفسير السعدي = تيسير الكريم الرحمن,8d6e9d2d95fd7810314a385b,1704,1706,3,1,32,54,0,1,0,0,ADAM_PRIMARY | CREATION_DECREE,,6001,False,PENDING,,,,,shamela://local/5ac170a3045185ccf78e81ebd473cafb8069279b898836fd768c78de76a3d8e5/book/42/volume/0/page/751?database_sha256=afaa57ca7290c648083328f67adfa34d73fd1bab16e3e82a72af1e5af6294401&segment_id=1704
SRC-TAFSIR-SAADI-ADAM,42,تفسير السعدي = تيسير الكريم الرحمن,8baea2268d816ae277c76a1a,1737,1739,3,1,32,54,0,1,0,0,ADAM_PRIMARY | CREATION_DECREE,,7136,False,PENDING,,,,,shamela://local/5ac170a3045185ccf78e81ebd473cafb8069279b898836fd768c78de76a3d8e5/book/42/volume/0/page/764?database_sha256=afaa57ca7290c648083328f67adfa34d73fd1bab16e3e82a72af1e5af6294401&segment_id=1737
SRC-TAFSIR-SAADI-ADAM,42,تفسير السعدي = تيسير الكريم الرحمن,35159cc0f8459350839b971d,1204,1206,3,1,31,53,0,1,0,0,ADAM_PRIMARY | CREATION_MATERIAL,,5276,False,PENDING,,,,,shamela://local/5ac170a3045185ccf78e81ebd473cafb8069279b898836fd768c78de76a3d8e5/book/42/volume/0/page/533?database_sha256=afaa57ca7290c648083328f67adfa34d73fd1bab16e3e82a72af1e5af6294401&segment_id=1204
SRC-TAFSIR-SAADI-ADAM,42,تفسير السعدي = تيسير الكريم الرحمن,bfd13e0bc3eb04a20399c05d,215,217,3,1,29,51,0,1,0,0,ADAM_PRIMARY | CREATION_MATERIAL,,7371,False,PENDING,,,,,shamela://local/5ac170a3045185ccf78e81ebd473cafb8069279b898836fd768c78de76a3d8e5/book/42/volume/0/page/132?database_sha256=afaa57ca7290c648083328f67adfa34d73fd1bab16e3e82a72af1e5af6294401&segment_id=215
SRC-TAFSIR-SAADI-ADAM,42,تفسير السعدي = تيسير الكريم الرحمن,d659f34fda132c24b836fcf8,838,840,3,1,29,51,0,1,0,0,ADAM_PRIMARY | HONOUR_AND_STATUS,,8017,False,PENDING,,,,,shamela://local/5ac170a3045185ccf78e81ebd473cafb8069279b898836fd768c78de76a3d8e5/book/42/volume/0/page/399?database_sha256=afaa57ca7290c648083328f67adfa34d73fd1bab16e3e82a72af1e5af6294401&segment_id=838
SRC-TAFSIR-SAADI-ADAM,42,تفسير السعدي = تيسير الكريم الرحمن,022de346bb33032359d9f521,1438,1440,3,1,29,51,0,1,0,0,ADAM_PRIMARY | CREATION_MATERIAL,,4774,False,PENDING,,,,,shamela://local/5ac170a3045185ccf78e81ebd473cafb8069279b898836fd768c78de76a3d8e5/book/42/volume/0/page/638?database_sha256=afaa57ca7290c648083328f67adfa34d73fd1bab16e3e82a72af1e5af6294401&segment_id=1438
SRC-TAFSIR-SAADI-ADAM,42,تفسير السعدي = تيسير الكريم الرحمن,1b3694394cb6da667c6ed0bc,2047,2049,3,1,29,51,0,1,0,0,ADAM_PRIMARY | CREATION_MATERIAL,,6102,False,PENDING,,,,,shamela://local/5ac170a3045185ccf78e81ebd473cafb8069279b898836fd768c78de76a3d8e5/book/42/volume/0/page/900?database_sha256=afaa57ca7290c648083328f67adfa34d73fd1bab16e3e82a72af1e5af6294401&segment_id=2047
SRC-TAFSIR-SAADI-ADAM,42,تفسير السعدي = تيسير الكريم الرحمن,26d34b7d8916c2b06131d714,1072,1074,3,1,26,40,0,0,1,0,ANGELIC_PROSTRATION | CREATION_MATERIAL,,5902,False,PENDING,,,,,shamela://local/5ac170a3045185ccf78e81ebd473cafb8069279b898836fd768c78de76a3d8e5/book/42/volume/0/page/479?database_sha256=afaa57ca7290c648083328f67adfa34d73fd1bab16e3e82a72af1e5af6294401&segment_id=1072
SRC-TAFSIR-SAADI-ADAM,42,تفسير السعدي = تيسير الكريم الرحمن,e79ba6c7213ac769414c6cd0,604,606,3,1,20,29,0,0,1,0,ADAM_PRIMARY,,6738,False,PENDING,,,,,shamela://local/5ac170a3045185ccf78e81ebd473cafb8069279b898836fd768c78de76a3d8e5/book/42/volume/0/page/311?database_sha256=afaa57ca7290c648083328f67adfa34d73fd1bab16e3e82a72af1e5af6294401&segment_id=604
SRC-TAFSIR-SAADI-ADAM,42,تفسير السعدي = تيسير الكريم الرحمن,a389f97a0983e26604800a24,76,78,3,1,18,27,0,0,1,0,ADAM_PRIMARY,,6471,False,PENDING,,,,,shamela://local/5ac170a3045185ccf78e81ebd473cafb8069279b898836fd768c78de76a3d8e5/book/42/volume/0/page/60?database_sha256=afaa57ca7290c648083328f67adfa34d73fd1bab16e3e82a72af1e5af6294401&segment_id=76
SRC-TAFSIR-TABARI-ADAM,7798,تفسير الطبري جامع البيان - ت التركي,c8dd1ab86b1d174f6e88169e,474,499,11,23,97,647,14,8,1,0,ADAM_PRIMARY | ANGELIC_PROSTRATION | CREATION_DECREE | CREATION_MATERIAL | SPIRIT_AND_FORM | TEACHING_NAMES,,18024,True,PENDING,,,,,shamela://local/5ac170a3045185ccf78e81ebd473cafb8069279b898836fd768c78de76a3d8e5/book/7798/volume/1/page/476?database_sha256=59b3debd44645d1e86afcdc276a7a43239ad3509581c303aa6bca23fc272e3f3&segment_id=656
SRC-TAFSIR-TABARI-ADAM,7798,تفسير الطبري جامع البيان - ت التركي,7822417dacbe32c4c34b524e,506,523,11,14,56,310,4,8,2,0,ADAM_PRIMARY | ANGELIC_PROSTRATION | CREATION_DECREE | CREATION_MATERIAL | HADITH_ANCHORS | TEACHING_NAMES,,18023,True,PENDING,,,,,shamela://local/5ac170a3045185ccf78e81ebd473cafb8069279b898836fd768c78de76a3d8e5/book/7798/volume/1/page/508?database_sha256=59b3debd44645d1e86afcdc276a7a43239ad3509581c303aa6bca23fc272e3f3&segment_id=688
SRC-TAFSIR-TABARI-ADAM,7798,تفسير الطبري جامع البيان - ت التركي,97719d941058649117cccb9b,536,550,11,9,82,266,3,5,1,0,ADAM_PRIMARY | ANGELIC_PROSTRATION | CREATION_MATERIAL | PARADISE_RESIDENCE | SPIRIT_AND_FORM | TEACHING_NAMES,,18024,True,PENDING,,,,,shamela://local/5ac170a3045185ccf78e81ebd473cafb8069279b898836fd768c78de76a3d8e5/book/7798/volume/1/page/538?database_sha256=59b3debd44645d1e86afcdc276a7a43239ad3509581c303aa6bca23fc272e3f3&segment_id=718
SRC-TAFSIR-TABARI-ADAM,7798,تفسير الطبري جامع البيان - ت التركي,56de7698f54437ea417ef297,557,574,10,12,47,239,2,9,1,0,ADAM_PRIMARY | ANGELIC_PROSTRATION | CREATION_MATERIAL | PARADISE_RESIDENCE,WAHB_IBN_MUNABBIH,18024,True,PENDING,,,,,shamela://local/5ac170a3045185ccf78e81ebd473cafb8069279b898836fd768c78de76a3d8e5/book/7798/volume/1/page/559?database_sha256=59b3debd44645d1e86afcdc276a7a43239ad3509581c303aa6bca23fc272e3f3&segment_id=739
SRC-TAFSIR-TABARI-ADAM,7798,تفسير الطبري جامع البيان - ت التركي,69606a01829c587de9b3a1ae,13357,13364,8,5,76,233,4,1,0,0,ADAM_PRIMARY | ANGELIC_PROSTRATION | CREATION_DECREE | CREATION_MATERIAL | SPIRIT_AND_FORM,,14808,False,PENDING,,,,,shamela://local/5ac170a3045185ccf78e81ebd473cafb8069279b898836fd768c78de76a3d8e5/book/7798/volume/20/page/141?database_sha256=59b3debd44645d1e86afcdc276a7a43239ad3509581c303aa6bca23fc272e3f3&segment_id=13539
SRC-TAFSIR-TABARI-ADAM,7798,تفسير الطبري جامع البيان - ت التركي,77c665c37c70ab8fdc300f09,525,534,10,6,51,202,3,3,0,0,ADAM_PRIMARY | ANGELIC_PROSTRATION | CREATION_DECREE | HONOUR_AND_STATUS | TEACHING_NAMES,,18024,True,PENDING,,,,,shamela://local/5ac170a3045185ccf78e81ebd473cafb8069279b898836fd768c78de76a3d8e5/book/7798/volume/1/page/527?database_sha256=59b3debd44645d1e86afcdc276a7a43239ad3509581c303aa6bca23fc272e3f3&segment_id=707
SRC-TAFSIR-TABARI-ADAM,7798,تفسير الطبري جامع البيان - ت التركي,c5e813e1eea4ca77eeda2fc3,6611,6615,5,3,62,172,3,0,0,0,ADAM_PRIMARY | ANGELIC_PROSTRATION | CREATION_DECREE | CREATION_MATERIAL,,8999,False,PENDING,,,,,shamela://local/5ac170a3045185ccf78e81ebd473cafb8069279b898836fd768c78de76a3d8e5/book/7798/volume/10/page/85?database_sha256=59b3debd44645d1e86afcdc276a7a43239ad3509581c303aa6bca23fc272e3f3&segment_id=6793
SRC-TAFSIR-TABARI-ADAM,7798,تفسير الطبري جامع البيان - ت التركي,b9cdee4a9fc424c4ecccbc4c,7071,7087,10,9,44,169,1,6,2,0,ADAM_PRIMARY | CREATION_DECREE | SPIRIT_AND_FORM,,18024,True,PENDING,,,,,shamela://local/5ac170a3045185ccf78e81ebd473cafb8069279b898836fd768c78de76a3d8e5/book/7798/volume/10/page/545?database_sha256=59b3debd44645d1e86afcdc276a7a43239ad3509581c303aa6bca23fc272e3f3&segment_id=7253
SRC-TAFSIR-TABARI-ADAM,7798,تفسير الطبري جامع البيان - ت التركي,1ca47360c50ffbf84c33ed01,12515,12518,4,2,73,153,2,0,0,0,ADAM_PRIMARY | CREATION_DECREE | CREATION_MATERIAL | SPIRIT_AND_FORM,,6779,False,PENDING,,,,,shamela://local/5ac170a3045185ccf78e81ebd473cafb8069279b898836fd768c78de76a3d8e5/book/7798/volume/18/page/599?database_sha256=59b3debd44645d1e86afcdc276a7a43239ad3509581c303aa6bca23fc272e3f3&segment_id=12697
SRC-TAFSIR-TABARI-ADAM,7798,تفسير الطبري جامع البيان - ت التركي,157dfa2875c5eef0d63593e7,9341,9348,8,5,71,150,1,1,3,0,ADAM_PRIMARY | ANGELIC_PROSTRATION | CREATION_DECREE | CREATION_MATERIAL | SPIRIT_AND_FORM,WAHB_IBN_MUNABBIH,14344,False,PENDING,,,,,shamela://local/5ac170a3045185ccf78e81ebd473cafb8069279b898836fd768c78de76a3d8e5/book/7798/volume/14/page/62?database_sha256=59b3debd44645d1e86afcdc276a7a43239ad3509581c303aa6bca23fc272e3f3&segment_id=9523
SRC-TAFSIR-TABARI-ADAM,7798,تفسير الطبري جامع البيان - ت التركي,c990e5f9c5fe845870c10155,3393,3400,8,6,44,149,1,5,0,0,ADAM_PRIMARY | CREATION_DECREE | CREATION_MATERIAL,,14176,False,PENDING,,,,,shamela://local/5ac170a3045185ccf78e81ebd473cafb8069279b898836fd768c78de76a3d8e5/book/7798/volume/5/page/458?database_sha256=59b3debd44645d1e86afcdc276a7a43239ad3509581c303aa6bca23fc272e3f3&segment_id=3575
SRC-TAFSIR-TABARI-ADAM,7798,تفسير الطبري جامع البيان - ت التركي,d730343f435859bdfb3c00a6,7146,7159,10,8,35,141,0,8,0,0,ADAM_PRIMARY | ANGELIC_PROSTRATION,,18024,True,PENDING,,,,,shamela://local/5ac170a3045185ccf78e81ebd473cafb8069279b898836fd768c78de76a3d8e5/book/7798/volume/10/page/620?database_sha256=59b3debd44645d1e86afcdc276a7a43239ad3509581c303aa6bca23fc272e3f3&segment_id=7328
SRC-TAFSIR-TABARI-ADAM,7798,تفسير الطبري جامع البيان - ت التركي,7b0ef97e83f84e937b247d40,14673,14678,6,3,64,138,1,2,0,0,ADAM_PRIMARY | ANGELIC_PROSTRATION | CREATION_DECREE | CREATION_MATERIAL,,9657,False,PENDING,,,,,shamela://local/5ac170a3045185ccf78e81ebd473cafb8069279b898836fd768c78de76a3d8e5/book/7798/volume/22/page/190?database_sha256=59b3debd44645d1e86afcdc276a7a43239ad3509581c303aa6bca23fc272e3f3&segment_id=14855
SRC-TAFSIR-TABARI-ADAM,7798,تفسير الطبري جامع البيان - ت التركي,09867b6b744700570dd04bf7,12392,12395,4,2,57,137,2,0,0,0,ADAM_PRIMARY | CREATION_DECREE | CREATION_MATERIAL | PARADISE_RESIDENCE,,7456,False,PENDING,,,,,shamela://local/5ac170a3045185ccf78e81ebd473cafb8069279b898836fd768c78de76a3d8e5/book/7798/volume/18/page/476?database_sha256=59b3debd44645d1e86afcdc276a7a43239ad3509581c303aa6bca23fc272e3f3&segment_id=12574
SRC-TAFSIR-TABARI-ADAM,7798,تفسير الطبري جامع البيان - ت التركي,484a22912f6d138342fdbbf0,10773,10784,11,7,45,131,0,6,1,0,ADAM_PRIMARY | ANGELIC_PROSTRATION,,18024,True,PENDING,,,,,shamela://local/5ac170a3045185ccf78e81ebd473cafb8069279b898836fd768c78de76a3d8e5/book/7798/volume/16/page/180?database_sha256=59b3debd44645d1e86afcdc276a7a43239ad3509581c303aa6bca23fc272e3f3&segment_id=10955
SRC-TAFSIR-TABARI-ADAM,7798,تفسير الطبري جامع البيان - ت التركي,e3bfa57f820206715ad6e9be,6000,6005,6,2,45,120,2,0,0,0,ADAM_PRIMARY | CREATION_DECREE | CREATION_MATERIAL,,10308,False,PENDING,,,,,shamela://local/5ac170a3045185ccf78e81ebd473cafb8069279b898836fd768c78de76a3d8e5/book/7798/volume/9/page/149?database_sha256=59b3debd44645d1e86afcdc276a7a43239ad3509581c303aa6bca23fc272e3f3&segment_id=6182
SRC-TAFSIR-TABARI-ADAM,7798,تفسير الطبري جامع البيان - ت التركي,2127ebd7b399733a041d7f6c,6600,6604,5,3,45,119,1,2,0,0,ADAM_PRIMARY | ANGELIC_PROSTRATION | CREATION_DECREE | CREATION_MATERIAL,,8774,False,PENDING,,,,,shamela://local/5ac170a3045185ccf78e81ebd473cafb8069279b898836fd768c78de76a3d8e5/book/7798/volume/10/page/74?database_sha256=59b3debd44645d1e86afcdc276a7a43239ad3509581c303aa6bca23fc272e3f3&segment_id=6782
