window_id,work_source_id,book_id,decision,scope_fit,dominant_topic,event_ids,research_question_ids,duplicate_group,review_confidence,reason_code,attribution_profiles,verification_requirements,reviewer_notes
6dc60bc986c042ccc3d97b88,SRC-HISTORY-BIDAYAH-ADAM,4445,INCLUDE,MIXED,ANNOUNCEMENT,EV-ADAM-010 | EV-ADAM-011 | EV-ADAM-020 | EV-ADAM-021 | EV-ADAM-022 | EV-ADAM-023 | EV-ADAM-024 | EV-ADAM-030 | EV-ADAM-031 | EV-ADAM-032 | EV-ADAM-033 | EV-ADAM-040 | EV-ADAM-041 | EV-ADAM-042 | EV-ADAM-050 | EV-ADAM-051 | EV-ADAM-052 | EV-ADAM-053 | EV-ADAM-054 | EV-ADAM-055 | EV-ADAM-070 | EV-ADAM-071 | EV-ADAM-080 | EV-ADAM-081 | EV-ADAM-082 | EV-ADAM-090 | EV-ADAM-091 | EV-ADAM-099,RQ-ADAM-007 | RQ-ADAM-008 | RQ-ADAM-009 | RQ-ADAM-010 | RQ-ADAM-011 | RQ-ADAM-012 | RQ-ADAM-013 | RQ-ADAM-014 | RQ-ADAM-015 | RQ-ADAM-016 | RQ-ADAM-017 | RQ-ADAM-018 | RQ-ADAM-019 | RQ-ADAM-020 | RQ-ADAM-025 | RQ-ADAM-026 | RQ-ADAM-027 | RQ-ADAM-028 | RQ-ADAM-029 | RQ-ADAM-030 | RQ-ADAM-032,,0.99,CORE_ADAM_CHAPTER_WITH_LATER_MATERIAL,WAHB_IBN_MUNABBIH,EARLY_REPORT_OR_ISRAILIYYAT_CLASSIFICATION_REQUIRED | EXACT_PASSAGE_BOUNDARY_REQUIRED,باب مركزي جامع لخلق آدم وتعليم الأسماء والسجود وخلق الزوج والسكن، لكنه يمتد إلى الوسوسة والهبوط؛ تعتمد المقاطع السابقة للوسوسة فقط، وتفصل الروايات المنقولة عن التقرير القرآني.
82120fc15378ac20138723cf,SRC-HISTORY-BIDAYAH-ADAM,4445,INCLUDE,MIXED,CREATION,EV-ADAM-020 | EV-ADAM-021 | EV-ADAM-022 | EV-ADAM-023 | EV-ADAM-024 | EV-ADAM-030 | EV-ADAM-031 | EV-ADAM-032 | EV-ADAM-033 | EV-ADAM-060 | EV-ADAM-061,RQ-ADAM-009 | RQ-ADAM-010 | RQ-ADAM-011 | RQ-ADAM-012 | RQ-ADAM-013 | RQ-ADAM-014 | RQ-ADAM-021 | RQ-ADAM-022 | RQ-ADAM-023 | RQ-ADAM-024,,0.99,CENTRAL_HADITH_COLLECTION_WITH_OUT_OF_SCOPE_APPENDICES,,EXACT_PASSAGE_BOUNDARY_REQUIRED,يضم أحاديث القبضة وبقاء الجسد ونفخ الروح والعطاس وطول آدم وتعليم السلام ومواد الميثاق؛ يستبعد احتجاج آدم وموسى وما بعد حد الحلقة. كل حديث ينتقل إلى تحقيق السند والحكم لدى المراجع المعتمد.
842c94a95e3adbcb8b8d7347,SRC-HISTORY-BIDAYAH-ADAM,4445,INCLUDE,MIXED,PRE_CREATION_AND_JINN,EV-ADAM-001 | EV-ADAM-002 | EV-ADAM-003 | EV-ADAM-004 | EV-ADAM-005 | EV-ADAM-006 | EV-ADAM-007 | EV-ADAM-020 | EV-ADAM-021 | EV-ADAM-022 | EV-ADAM-023 | EV-ADAM-024 | EV-ADAM-050 | EV-ADAM-051 | EV-ADAM-052 | EV-ADAM-053 | EV-ADAM-054 | EV-ADAM-055,RQ-ADAM-001 | RQ-ADAM-002 | RQ-ADAM-003 | RQ-ADAM-004 | RQ-ADAM-005 | RQ-ADAM-006 | RQ-ADAM-020 | RQ-ADAM-009 | RQ-ADAM-010 | RQ-ADAM-011 | RQ-ADAM-012 | RQ-ADAM-017 | RQ-ADAM-018 | RQ-ADAM-019,,0.98,JINN_IBLIS_BACKGROUND_AND_PROSTRATION,,EXACT_PASSAGE_BOUNDARY_REQUIRED,مفيد لخلق الجن قبل آدم وحقيقة إبليس ووجوده قبل خلق آدم ثم السجود وامتناعه. الأخبار التفصيلية في اسم إبليس وأسره ومكانته لا يجزم بها حتى تصنف رواية رواية.
6fa62df965d09ddd459dd5b8,SRC-HISTORY-BIDAYAH-ADAM,4445,INCLUDE,MIXED,LIFE_AND_FORM,EV-ADAM-030 | EV-ADAM-031 | EV-ADAM-032 | EV-ADAM-033,RQ-ADAM-013 | RQ-ADAM-014,,0.97,ADAM_FORM_HADITH_AND_AUTHOR_CRITIQUE,KAB_AL_AHBAR,EARLY_REPORT_OR_ISRAILIYYAT_CLASSIFICATION_REQUIRED | EXACT_PASSAGE_BOUNDARY_REQUIRED,الموضع المفيد هو حديث صورة آدم وما يتصل بصفته الأولى، مع نقد المؤلف لبعض الأخبار المتلقاة عن كعب. بقية المادة عن الذرية والوفاة خارج نطاق الحلقة.
f06b5659e8ac8d279bd37a73,SRC-HISTORY-BIDAYAH-ADAM,4445,EXCLUDE,OUT_OF_SCOPE_OR_INCIDENTAL,CREATION_MATERIAL,,,,0.9,INCIDENTAL_OR_DUPLICATE_REFERENCE,KAB_AL_AHBAR | WAHB_IBN_MUNABBIH,HADITH_GRADING_REQUIRED | FULL_ISNAD_PARSE_AND_CHAIN_RESEARCH | ISRAILIYYAT_OR_EARLY_REPORT_CLASSIFICATION_REQUIRED,الذكر عارض أو عام، أو يقع في قصة أخرى/زمن لاحق، أو يكرر معلومة أوضح في نافذة أقرب إلى موضعها الأصلي.
61cb4677de52d9b98deaa4cd,SRC-HISTORY-BIDAYAH-ADAM,4445,EXCLUDE,OUT_OF_SCOPE_OR_INCIDENTAL,CREATION_MATERIAL,,,,0.9,INCIDENTAL_OR_DUPLICATE_REFERENCE,,HADITH_GRADING_REQUIRED | FULL_ISNAD_PARSE_AND_CHAIN_RESEARCH,الذكر عارض أو عام، أو يقع في قصة أخرى/زمن لاحق، أو يكرر معلومة أوضح في نافذة أقرب إلى موضعها الأصلي.
8ba40b8eb91060e67fbd5bf7,SRC-HISTORY-BIDAYAH-ADAM,4445,EXCLUDE,OUT_OF_SCOPE_OR_INCIDENTAL,PRE_CREATION,,,,0.9,INCIDENTAL_OR_DUPLICATE_REFERENCE,,HADITH_GRADING_REQUIRED | FULL_ISNAD_PARSE_AND_CHAIN_RESEARCH,الذكر عارض أو عام، أو يقع في قصة أخرى/زمن لاحق، أو يكرر معلومة أوضح في نافذة أقرب إلى موضعها الأصلي.
13eee9ae6e97958102a8f475,SRC-HISTORY-BIDAYAH-ADAM,4445,EXCLUDE,OUT_OF_SCOPE_OR_INCIDENTAL,CREATION_MATERIAL,,,,0.9,INCIDENTAL_OR_DUPLICATE_REFERENCE,,HADITH_GRADING_REQUIRED | FULL_ISNAD_PARSE_AND_CHAIN_RESEARCH,الذكر عارض أو عام، أو يقع في قصة أخرى/زمن لاحق، أو يكرر معلومة أوضح في نافذة أقرب إلى موضعها الأصلي.
3445b9e9351d3fa5dc589e6a,SRC-HISTORY-BIDAYAH-ADAM,4445,INCLUDE,IN_SCOPE,PRE_CREATION,,,,0.92,DIRECT_EPISODE_RESEARCH_VALUE,,FULL_ISNAD_PARSE_AND_CHAIN_RESEARCH,تتضمن النافذة مادة مباشرة تخدم سؤالًا أو حدثًا داخل نطاق الحلقة. الإدراج هنا للبحث والتحقق فقط، وليس اعتمادًا للمتن أو الحكم على الرواية.
7ba7f824f096eba9496f7a77,SRC-HISTORY-BIDAYAH-ADAM,4445,INCLUDE,IN_SCOPE,FORM_AND_SPIRIT,,,DUP-FORM_AND_SPIRIT-009,0.92,DIRECT_EPISODE_RESEARCH_VALUE,,HADITH_GRADING_REQUIRED | FULL_ISNAD_PARSE_AND_CHAIN_RESEARCH,تتضمن النافذة مادة مباشرة تخدم سؤالًا أو حدثًا داخل نطاق الحلقة. الإدراج هنا للبحث والتحقق فقط، وليس اعتمادًا للمتن أو الحكم على الرواية.
d311ad0a86aa95adfaeffe85,SRC-HISTORY-BIDAYAH-ADAM,4445,EXCLUDE,OUT_OF_SCOPE_OR_INCIDENTAL,PRE_CREATION,,,,0.9,INCIDENTAL_OR_DUPLICATE_REFERENCE,KAB_AL_AHBAR,HADITH_GRADING_REQUIRED | FULL_ISNAD_PARSE_AND_CHAIN_RESEARCH | ISRAILIYYAT_OR_EARLY_REPORT_CLASSIFICATION_REQUIRED,الذكر عارض أو عام، أو يقع في قصة أخرى/زمن لاحق، أو يكرر معلومة أوضح في نافذة أقرب إلى موضعها الأصلي.
54b0c986303e4dfb8dfcefe8,SRC-HISTORY-BIDAYAH-ADAM,4445,EXCLUDE,OUT_OF_SCOPE_OR_INCIDENTAL,FORM_AND_SPIRIT,,,,0.9,INCIDENTAL_OR_DUPLICATE_REFERENCE,,FULL_ISNAD_PARSE_AND_CHAIN_RESEARCH,الذكر عارض أو عام، أو يقع في قصة أخرى/زمن لاحق، أو يكرر معلومة أوضح في نافذة أقرب إلى موضعها الأصلي.
ee03008748b75f121fa0e16c,SRC-HISTORY-BIDAYAH-ADAM,4445,EXCLUDE,OUT_OF_SCOPE_OR_INCIDENTAL,PROSTRATION_AND_IBLIS,,,,0.9,INCIDENTAL_OR_DUPLICATE_REFERENCE,,FULL_ISNAD_PARSE_AND_CHAIN_RESEARCH,الذكر عارض أو عام، أو يقع في قصة أخرى/زمن لاحق، أو يكرر معلومة أوضح في نافذة أقرب إلى موضعها الأصلي.
692c95a743603a6c14df1465,SRC-HISTORY-BIDAYAH-ADAM,4445,EXCLUDE,OUT_OF_SCOPE_OR_INCIDENTAL,FORM_AND_SPIRIT,,,,0.9,INCIDENTAL_OR_DUPLICATE_REFERENCE,,FULL_ISNAD_PARSE_AND_CHAIN_RESEARCH,الذكر عارض أو عام، أو يقع في قصة أخرى/زمن لاحق، أو يكرر معلومة أوضح في نافذة أقرب إلى موضعها الأصلي.
6385571fe2e127148c5b31e8,SRC-HISTORY-BIDAYAH-ADAM,4445,EXCLUDE,OUT_OF_SCOPE_OR_INCIDENTAL,EVE,,,,0.9,INCIDENTAL_OR_DUPLICATE_REFERENCE,,FULL_ISNAD_PARSE_AND_CHAIN_RESEARCH,الذكر عارض أو عام، أو يقع في قصة أخرى/زمن لاحق، أو يكرر معلومة أوضح في نافذة أقرب إلى موضعها الأصلي.
673e4160b5c0e07508115ba8,SRC-HISTORY-BIDAYAH-ADAM,4445,EXCLUDE,OUT_OF_SCOPE_OR_INCIDENTAL,PRE_CREATION,,,,0.9,INCIDENTAL_OR_DUPLICATE_REFERENCE,,HADITH_GRADING_REQUIRED | FULL_ISNAD_PARSE_AND_CHAIN_RESEARCH,الذكر عارض أو عام، أو يقع في قصة أخرى/زمن لاحق، أو يكرر معلومة أوضح في نافذة أقرب إلى موضعها الأصلي.
c5a4ade6463b438ea8f5dc1a,SRC-HISTORY-BIDAYAH-ADAM,4445,EXCLUDE,OUT_OF_SCOPE_OR_INCIDENTAL,CREATION_MATERIAL,,,,0.9,INCIDENTAL_OR_DUPLICATE_REFERENCE,,HADITH_GRADING_REQUIRED | FULL_ISNAD_PARSE_AND_CHAIN_RESEARCH,الذكر عارض أو عام، أو يقع في قصة أخرى/زمن لاحق، أو يكرر معلومة أوضح في نافذة أقرب إلى موضعها الأصلي.
d938ad3a6b54de721f986505,SRC-HISTORY-BIDAYAH-ADAM,4445,EXCLUDE,OUT_OF_SCOPE_OR_INCIDENTAL,PROSTRATION_AND_IBLIS,,,,0.9,INCIDENTAL_OR_DUPLICATE_REFERENCE,,HADITH_GRADING_REQUIRED | FULL_ISNAD_PARSE_AND_CHAIN_RESEARCH,الذكر عارض أو عام، أو يقع في قصة أخرى/زمن لاحق، أو يكرر معلومة أوضح في نافذة أقرب إلى موضعها الأصلي.
2a122080d4cdf192c992bb53,SRC-HISTORY-BIDAYAH-ADAM,4445,EXCLUDE,OUT_OF_SCOPE_OR_INCIDENTAL,PRE_CREATION,,,,0.9,INCIDENTAL_OR_DUPLICATE_REFERENCE,,HADITH_GRADING_REQUIRED | FULL_ISNAD_PARSE_AND_CHAIN_RESEARCH,الذكر عارض أو عام، أو يقع في قصة أخرى/زمن لاحق، أو يكرر معلومة أوضح في نافذة أقرب إلى موضعها الأصلي.
5feef5481cf8a0bbf0fc72f5,SRC-HISTORY-BIDAYAH-ADAM,4445,EXCLUDE,OUT_OF_SCOPE_OR_INCIDENTAL,CREATION_MATERIAL,,,,0.9,INCIDENTAL_OR_DUPLICATE_REFERENCE,,HADITH_GRADING_REQUIRED | FULL_ISNAD_PARSE_AND_CHAIN_RESEARCH,الذكر عارض أو عام، أو يقع في قصة أخرى/زمن لاحق، أو يكرر معلومة أوضح في نافذة أقرب إلى موضعها الأصلي.
fa89de561eb1a017e6271480,SRC-HISTORY-BIDAYAH-ADAM,4445,EXCLUDE,OUT_OF_SCOPE_OR_INCIDENTAL,PRE_CREATION,,,,0.9,INCIDENTAL_OR_DUPLICATE_REFERENCE,,HADITH_GRADING_REQUIRED | FULL_ISNAD_PARSE_AND_CHAIN_RESEARCH,الذكر عارض أو عام، أو يقع في قصة أخرى/زمن لاحق، أو يكرر معلومة أوضح في نافذة أقرب إلى موضعها الأصلي.
6b05e3132f88a8111c4d01f2,SRC-HISTORY-KAMIL-ADAM,21712,INCLUDE,MIXED,PRE_CREATION_AND_JINN,EV-ADAM-001 | EV-ADAM-002 | EV-ADAM-003 | EV-ADAM-004 | EV-ADAM-005 | EV-ADAM-006 | EV-ADAM-007 | EV-ADAM-010 | EV-ADAM-011 | EV-ADAM-020 | EV-ADAM-021 | EV-ADAM-022 | EV-ADAM-023 | EV-ADAM-024 | EV-ADAM-030 | EV-ADAM-031 | EV-ADAM-032 | EV-ADAM-033 | EV-ADAM-040 | EV-ADAM-041 | EV-ADAM-042 | EV-ADAM-050 | EV-ADAM-051 | EV-ADAM-052 | EV-ADAM-053 | EV-ADAM-054 | EV-ADAM-055 | EV-ADAM-070 | EV-ADAM-071 | EV-ADAM-080 | EV-ADAM-081 | EV-ADAM-082 | EV-ADAM-090 | EV-ADAM-091 | EV-ADAM-099,RQ-ADAM-001 | RQ-ADAM-002 | RQ-ADAM-003 | RQ-ADAM-004 | RQ-ADAM-005 | RQ-ADAM-006 | RQ-ADAM-020 | RQ-ADAM-007 | RQ-ADAM-008 | RQ-ADAM-009 | RQ-ADAM-010 | RQ-ADAM-011 | RQ-ADAM-012 | RQ-ADAM-013 | RQ-ADAM-014 | RQ-ADAM-015 | RQ-ADAM-016 | RQ-ADAM-017 | RQ-ADAM-018 | RQ-ADAM-019 | RQ-ADAM-025 | RQ-ADAM-026 | RQ-ADAM-027 | RQ-ADAM-028 | RQ-ADAM-029 | RQ-ADAM-030 | RQ-ADAM-032,,0.99,COMPREHENSIVE_ADAM_NARRATIVE,,EXACT_PASSAGE_BOUNDARY_REQUIRED,سرد جامع من خلفية إبليس إلى خلق آدم والأسماء والسجود والسكن؛ تفصل عنه الوسوسة والهبوط والذرية، وتراجع الأخبار التاريخية والإسرائيلية منفردة.
e5f0c778649c98e42c12c3d9,SRC-HISTORY-KAMIL-ADAM,21712,EXCLUDE,OUT_OF_SCOPE_OR_INCIDENTAL,PRE_CREATION,,,,0.9,INCIDENTAL_OR_DUPLICATE_REFERENCE,,,الذكر عارض أو عام، أو يقع في قصة أخرى/زمن لاحق، أو يكرر معلومة أوضح في نافذة أقرب إلى موضعها الأصلي.
cbe15a60dddfae085585abce,SRC-HISTORY-KAMIL-ADAM,21712,INCLUDE,IN_SCOPE,CREATION_MATERIAL,,,,0.92,DIRECT_EPISODE_RESEARCH_VALUE,,HADITH_GRADING_REQUIRED | FULL_ISNAD_PARSE_AND_CHAIN_RESEARCH,تتضمن النافذة مادة مباشرة تخدم سؤالًا أو حدثًا داخل نطاق الحلقة. الإدراج هنا للبحث والتحقق فقط، وليس اعتمادًا للمتن أو الحكم على الرواية.
2b0d25c716f0b1c8fb3385e3,SRC-HISTORY-KAMIL-ADAM,21712,INCLUDE,IN_SCOPE,PRE_CREATION,,,DUP-PRE_CREATION-010,0.92,DIRECT_EPISODE_RESEARCH_VALUE,,HADITH_GRADING_REQUIRED | FULL_ISNAD_PARSE_AND_CHAIN_RESEARCH,تتضمن النافذة مادة مباشرة تخدم سؤالًا أو حدثًا داخل نطاق الحلقة. الإدراج هنا للبحث والتحقق فقط، وليس اعتمادًا للمتن أو الحكم على الرواية.
369a5a4b17008ee2b72117ad,SRC-HISTORY-KAMIL-ADAM,21712,EXCLUDE,OUT_OF_SCOPE_OR_INCIDENTAL,CREATION_MATERIAL,,,,0.9,INCIDENTAL_OR_DUPLICATE_REFERENCE,,FULL_ISNAD_PARSE_AND_CHAIN_RESEARCH,الذكر عارض أو عام، أو يقع في قصة أخرى/زمن لاحق، أو يكرر معلومة أوضح في نافذة أقرب إلى موضعها الأصلي.
a3834261969705156e8eb273,SRC-HISTORY-KAMIL-ADAM,21712,EXCLUDE,OUT_OF_SCOPE_OR_INCIDENTAL,PRE_CREATION,,,,0.9,INCIDENTAL_OR_DUPLICATE_REFERENCE,,,الذكر عارض أو عام، أو يقع في قصة أخرى/زمن لاحق، أو يكرر معلومة أوضح في نافذة أقرب إلى موضعها الأصلي.
729ed768c504136f88650866,SRC-HISTORY-KAMIL-ADAM,21712,EXCLUDE,OUT_OF_SCOPE_OR_INCIDENTAL,CREATION_MATERIAL,,,,0.9,INCIDENTAL_OR_DUPLICATE_REFERENCE,,FULL_ISNAD_PARSE_AND_CHAIN_RESEARCH,الذكر عارض أو عام، أو يقع في قصة أخرى/زمن لاحق، أو يكرر معلومة أوضح في نافذة أقرب إلى موضعها الأصلي.
acac6f54989d3b3c9a7bb24b,SRC-HISTORY-KAMIL-ADAM,21712,EXCLUDE,OUT_OF_SCOPE_OR_INCIDENTAL,ANNOUNCEMENT,,,,0.9,INCIDENTAL_OR_DUPLICATE_REFERENCE,,FULL_ISNAD_PARSE_AND_CHAIN_RESEARCH,الذكر عارض أو عام، أو يقع في قصة أخرى/زمن لاحق، أو يكرر معلومة أوضح في نافذة أقرب إلى موضعها الأصلي.
4da39da43625f3221fac0539,SRC-HISTORY-KAMIL-ADAM,21712,EXCLUDE,OUT_OF_SCOPE_OR_INCIDENTAL,HONOUR_AND_STATUS,,,,0.9,INCIDENTAL_OR_DUPLICATE_REFERENCE,,FULL_ISNAD_PARSE_AND_CHAIN_RESEARCH,الذكر عارض أو عام، أو يقع في قصة أخرى/زمن لاحق، أو يكرر معلومة أوضح في نافذة أقرب إلى موضعها الأصلي.
a22fd918fd77200b16816a38,SRC-HISTORY-KAMIL-ADAM,21712,EXCLUDE,OUT_OF_SCOPE_OR_INCIDENTAL,GENERAL_ADAM_REFERENCE,,,,0.9,INCIDENTAL_OR_DUPLICATE_REFERENCE,,FULL_ISNAD_PARSE_AND_CHAIN_RESEARCH,الذكر عارض أو عام، أو يقع في قصة أخرى/زمن لاحق، أو يكرر معلومة أوضح في نافذة أقرب إلى موضعها الأصلي.
bd8d11ddcfd597f834051621,SRC-HISTORY-KAMIL-ADAM,21712,EXCLUDE,OUT_OF_SCOPE_OR_INCIDENTAL,GENERAL_ADAM_REFERENCE,,,,0.9,INCIDENTAL_OR_DUPLICATE_REFERENCE,,FULL_ISNAD_PARSE_AND_CHAIN_RESEARCH,الذكر عارض أو عام، أو يقع في قصة أخرى/زمن لاحق، أو يكرر معلومة أوضح في نافذة أقرب إلى موضعها الأصلي.
991b38f8cc3a5d2aee1bdab5,SRC-HISTORY-KAMIL-ADAM,21712,EXCLUDE,OUT_OF_SCOPE_OR_INCIDENTAL,GENERAL_ADAM_REFERENCE,,,,0.9,INCIDENTAL_OR_DUPLICATE_REFERENCE,WAHB_IBN_MUNABBIH,HADITH_GRADING_REQUIRED | ISRAILIYYAT_OR_EARLY_REPORT_CLASSIFICATION_REQUIRED,الذكر عارض أو عام، أو يقع في قصة أخرى/زمن لاحق، أو يكرر معلومة أوضح في نافذة أقرب إلى موضعها الأصلي.
222cbbc4c6c2d68eddc5890d,SRC-HISTORY-KAMIL-ADAM,21712,EXCLUDE,OUT_OF_SCOPE_OR_INCIDENTAL,PRE_CREATION,,,,0.9,INCIDENTAL_OR_DUPLICATE_REFERENCE,,,الذكر عارض أو عام، أو يقع في قصة أخرى/زمن لاحق، أو يكرر معلومة أوضح في نافذة أقرب إلى موضعها الأصلي.
a7d30011232815780f53d1e3,SRC-HISTORY-KAMIL-ADAM,21712,EXCLUDE,OUT_OF_SCOPE_OR_INCIDENTAL,GENERAL_ADAM_REFERENCE,,,,0.9,INCIDENTAL_OR_DUPLICATE_REFERENCE,,,الذكر عارض أو عام، أو يقع في قصة أخرى/زمن لاحق، أو يكرر معلومة أوضح في نافذة أقرب إلى موضعها الأصلي.
0ebd113cd1f1fe862f07845c,SRC-HISTORY-KAMIL-ADAM,21712,EXCLUDE,OUT_OF_SCOPE_OR_INCIDENTAL,GENERAL_ADAM_REFERENCE,,,,0.9,INCIDENTAL_OR_DUPLICATE_REFERENCE,,HADITH_GRADING_REQUIRED | FULL_ISNAD_PARSE_AND_CHAIN_RESEARCH,الذكر عارض أو عام، أو يقع في قصة أخرى/زمن لاحق، أو يكرر معلومة أوضح في نافذة أقرب إلى موضعها الأصلي.
466216440b5bf1f602626a19,SRC-HISTORY-KAMIL-ADAM,21712,EXCLUDE,OUT_OF_SCOPE_OR_INCIDENTAL,GENERAL_ADAM_REFERENCE,,,,0.9,INCIDENTAL_OR_DUPLICATE_REFERENCE,,FULL_ISNAD_PARSE_AND_CHAIN_RESEARCH,الذكر عارض أو عام، أو يقع في قصة أخرى/زمن لاحق، أو يكرر معلومة أوضح في نافذة أقرب إلى موضعها الأصلي.
d9c51daad505ebe3725caaf0,SRC-HISTORY-KAMIL-ADAM,21712,EXCLUDE,OUT_OF_SCOPE_OR_INCIDENTAL,PRE_CREATION,,,,0.9,INCIDENTAL_OR_DUPLICATE_REFERENCE,,FULL_ISNAD_PARSE_AND_CHAIN_RESEARCH,الذكر عارض أو عام، أو يقع في قصة أخرى/زمن لاحق، أو يكرر معلومة أوضح في نافذة أقرب إلى موضعها الأصلي.
7f2934b917997b489742426a,SRC-HISTORY-KAMIL-ADAM,21712,EXCLUDE,OUT_OF_SCOPE_OR_INCIDENTAL,GENERAL_ADAM_REFERENCE,,,,0.9,INCIDENTAL_OR_DUPLICATE_REFERENCE,,FULL_ISNAD_PARSE_AND_CHAIN_RESEARCH,الذكر عارض أو عام، أو يقع في قصة أخرى/زمن لاحق، أو يكرر معلومة أوضح في نافذة أقرب إلى موضعها الأصلي.
287011996f24a8ffd1cf190b,SRC-HISTORY-KAMIL-ADAM,21712,EXCLUDE,OUT_OF_SCOPE_OR_INCIDENTAL,PRE_CREATION,,,,0.9,INCIDENTAL_OR_DUPLICATE_REFERENCE,,HADITH_GRADING_REQUIRED | FULL_ISNAD_PARSE_AND_CHAIN_RESEARCH,الذكر عارض أو عام، أو يقع في قصة أخرى/زمن لاحق، أو يكرر معلومة أوضح في نافذة أقرب إلى موضعها الأصلي.
8f88fd9ed9d9c34c65b48fa8,SRC-HISTORY-KAMIL-ADAM,21712,EXCLUDE,OUT_OF_SCOPE_OR_INCIDENTAL,EVE,,,,0.9,INCIDENTAL_OR_DUPLICATE_REFERENCE,,FULL_ISNAD_PARSE_AND_CHAIN_RESEARCH,الذكر عارض أو عام، أو يقع في قصة أخرى/زمن لاحق، أو يكرر معلومة أوضح في نافذة أقرب إلى موضعها الأصلي.
6e1d85417ad7c6a0af9861c7,SRC-HISTORY-KAMIL-ADAM,21712,EXCLUDE,OUT_OF_SCOPE_OR_INCIDENTAL,GENERAL_ADAM_REFERENCE,,,,0.9,INCIDENTAL_OR_DUPLICATE_REFERENCE,,FULL_ISNAD_PARSE_AND_CHAIN_RESEARCH,الذكر عارض أو عام، أو يقع في قصة أخرى/زمن لاحق، أو يكرر معلومة أوضح في نافذة أقرب إلى موضعها الأصلي.
d4eefeb096441a40c8bb9b92,SRC-HISTORY-KAMIL-ADAM,21712,EXCLUDE,OUT_OF_SCOPE_OR_INCIDENTAL,GENERAL_ADAM_REFERENCE,,,,0.9,INCIDENTAL_OR_DUPLICATE_REFERENCE,,FULL_ISNAD_PARSE_AND_CHAIN_RESEARCH,الذكر عارض أو عام، أو يقع في قصة أخرى/زمن لاحق، أو يكرر معلومة أوضح في نافذة أقرب إلى موضعها الأصلي.
95506b2b6a6d24b0159bc4a0,SRC-HISTORY-KAMIL-ADAM,21712,EXCLUDE,OUT_OF_SCOPE_OR_INCIDENTAL,GENERAL_ADAM_REFERENCE,,,,0.9,INCIDENTAL_OR_DUPLICATE_REFERENCE,,,الذكر عارض أو عام، أو يقع في قصة أخرى/زمن لاحق، أو يكرر معلومة أوضح في نافذة أقرب إلى موضعها الأصلي.
c246e368294216cf275330ac,SRC-HISTORY-KAMIL-ADAM,21712,EXCLUDE,OUT_OF_SCOPE_OR_INCIDENTAL,PRE_CREATION,,,,0.9,INCIDENTAL_OR_DUPLICATE_REFERENCE,,,الذكر عارض أو عام، أو يقع في قصة أخرى/زمن لاحق، أو يكرر معلومة أوضح في نافذة أقرب إلى موضعها الأصلي.
7a0656cde1b3db345892b49f,SRC-HISTORY-KAMIL-ADAM,21712,EXCLUDE,OUT_OF_SCOPE_OR_INCIDENTAL,GENERAL_ADAM_REFERENCE,,,,0.9,INCIDENTAL_OR_DUPLICATE_REFERENCE,,,الذكر عارض أو عام، أو يقع في قصة أخرى/زمن لاحق، أو يكرر معلومة أوضح في نافذة أقرب إلى موضعها الأصلي.
03cb4d5fb1efb20b41fcc885,SRC-HISTORY-KAMIL-ADAM,21712,EXCLUDE,OUT_OF_SCOPE_OR_INCIDENTAL,GENERAL_ADAM_REFERENCE,,,,0.9,INCIDENTAL_OR_DUPLICATE_REFERENCE,,FULL_ISNAD_PARSE_AND_CHAIN_RESEARCH,الذكر عارض أو عام، أو يقع في قصة أخرى/زمن لاحق، أو يكرر معلومة أوضح في نافذة أقرب إلى موضعها الأصلي.
893ce4ac023de9244f737722,SRC-HISTORY-KAMIL-ADAM,21712,EXCLUDE,OUT_OF_SCOPE_OR_INCIDENTAL,GENERAL_ADAM_REFERENCE,,,,0.9,INCIDENTAL_OR_DUPLICATE_REFERENCE,,FULL_ISNAD_PARSE_AND_CHAIN_RESEARCH,الذكر عارض أو عام، أو يقع في قصة أخرى/زمن لاحق، أو يكرر معلومة أوضح في نافذة أقرب إلى موضعها الأصلي.
142ef2a56d492febc46801f1,SRC-HISTORY-KAMIL-ADAM,21712,EXCLUDE,OUT_OF_SCOPE_OR_INCIDENTAL,GENERAL_ADAM_REFERENCE,,,,0.9,INCIDENTAL_OR_DUPLICATE_REFERENCE,,FULL_ISNAD_PARSE_AND_CHAIN_RESEARCH,الذكر عارض أو عام، أو يقع في قصة أخرى/زمن لاحق، أو يكرر معلومة أوضح في نافذة أقرب إلى موضعها الأصلي.
f0b44faacad2e8e9ab9e7001,SRC-HISTORY-KAMIL-ADAM,21712,EXCLUDE,OUT_OF_SCOPE_OR_INCIDENTAL,GENERAL_ADAM_REFERENCE,,,,0.9,INCIDENTAL_OR_DUPLICATE_REFERENCE,,,الذكر عارض أو عام، أو يقع في قصة أخرى/زمن لاحق، أو يكرر معلومة أوضح في نافذة أقرب إلى موضعها الأصلي.
365c0f02af0d17afb75c5856,SRC-HISTORY-KAMIL-ADAM,21712,EXCLUDE,OUT_OF_SCOPE_OR_INCIDENTAL,GENERAL_ADAM_REFERENCE,,,,0.9,INCIDENTAL_OR_DUPLICATE_REFERENCE,,FULL_ISNAD_PARSE_AND_CHAIN_RESEARCH,الذكر عارض أو عام، أو يقع في قصة أخرى/زمن لاحق، أو يكرر معلومة أوضح في نافذة أقرب إلى موضعها الأصلي.
d8560a18e2f776b1af26a7c2,SRC-HISTORY-KAMIL-ADAM,21712,EXCLUDE,OUT_OF_SCOPE_OR_INCIDENTAL,GENERAL_ADAM_REFERENCE,,,,0.9,INCIDENTAL_OR_DUPLICATE_REFERENCE,,FULL_ISNAD_PARSE_AND_CHAIN_RESEARCH,الذكر عارض أو عام، أو يقع في قصة أخرى/زمن لاحق، أو يكرر معلومة أوضح في نافذة أقرب إلى موضعها الأصلي.
ac6ad286579cf6be2250d755,SRC-HISTORY-KAMIL-ADAM,21712,EXCLUDE,OUT_OF_SCOPE_OR_INCIDENTAL,PRE_CREATION,,,,0.9,INCIDENTAL_OR_DUPLICATE_REFERENCE,,FULL_ISNAD_PARSE_AND_CHAIN_RESEARCH,الذكر عارض أو عام، أو يقع في قصة أخرى/زمن لاحق، أو يكرر معلومة أوضح في نافذة أقرب إلى موضعها الأصلي.
92d9f6d9f87e7537c4d95cc6,SRC-HISTORY-KAMIL-ADAM,21712,EXCLUDE,OUT_OF_SCOPE_OR_INCIDENTAL,GENERAL_ADAM_REFERENCE,,,,0.9,INCIDENTAL_OR_DUPLICATE_REFERENCE,,FULL_ISNAD_PARSE_AND_CHAIN_RESEARCH,الذكر عارض أو عام، أو يقع في قصة أخرى/زمن لاحق، أو يكرر معلومة أوضح في نافذة أقرب إلى موضعها الأصلي.
ecd55c860e9f458931578651,SRC-HISTORY-MUNTAZAM-ADAM,12406,INCLUDE,MIXED,PRE_CREATION_AND_JINN,EV-ADAM-001 | EV-ADAM-002 | EV-ADAM-003 | EV-ADAM-004 | EV-ADAM-005 | EV-ADAM-006 | EV-ADAM-007 | EV-ADAM-020 | EV-ADAM-021 | EV-ADAM-022 | EV-ADAM-023 | EV-ADAM-024 | EV-ADAM-030 | EV-ADAM-031 | EV-ADAM-032 | EV-ADAM-033 | EV-ADAM-040 | EV-ADAM-041 | EV-ADAM-042 | EV-ADAM-050 | EV-ADAM-051 | EV-ADAM-052 | EV-ADAM-053 | EV-ADAM-054 | EV-ADAM-055 | EV-ADAM-070 | EV-ADAM-071 | EV-ADAM-080 | EV-ADAM-081 | EV-ADAM-082 | EV-ADAM-090 | EV-ADAM-091 | EV-ADAM-099,RQ-ADAM-001 | RQ-ADAM-002 | RQ-ADAM-003 | RQ-ADAM-004 | RQ-ADAM-005 | RQ-ADAM-006 | RQ-ADAM-020 | RQ-ADAM-009 | RQ-ADAM-010 | RQ-ADAM-011 | RQ-ADAM-012 | RQ-ADAM-013 | RQ-ADAM-014 | RQ-ADAM-015 | RQ-ADAM-016 | RQ-ADAM-017 | RQ-ADAM-018 | RQ-ADAM-019 | RQ-ADAM-025 | RQ-ADAM-026 | RQ-ADAM-027 | RQ-ADAM-028 | RQ-ADAM-029 | RQ-ADAM-030 | RQ-ADAM-032,,0.99,COMPREHENSIVE_ADAM_SECTION,WAHB_IBN_MUNABBIH,HADITH_GRADING_REQUIRED | FULL_ISNAD_PARSE_AND_CHAIN_RESEARCH | EARLY_REPORT_OR_ISRAILIYYAT_CLASSIFICATION_REQUIRED | EXACT_PASSAGE_BOUNDARY_REQUIRED,يحتوي أبواب الجنة وخلق آدم وصفته وتعليم الأسماء والسجود وخلق حواء والسكن؛ يمتد إلى ما بعد الوسوسة، فيلزم ترسيم الاقتباس قبلها.
0e1709a891b6cda7ead9c4e7,SRC-HISTORY-MUNTAZAM-ADAM,12406,INCLUDE,MIXED,PRE_CREATION_AND_JINN,EV-ADAM-001 | EV-ADAM-002 | EV-ADAM-003 | EV-ADAM-004 | EV-ADAM-005 | EV-ADAM-006 | EV-ADAM-007 | EV-ADAM-050 | EV-ADAM-051 | EV-ADAM-052 | EV-ADAM-053 | EV-ADAM-054 | EV-ADAM-055,RQ-ADAM-001 | RQ-ADAM-002 | RQ-ADAM-003 | RQ-ADAM-004 | RQ-ADAM-005 | RQ-ADAM-006 | RQ-ADAM-020 | RQ-ADAM-017 | RQ-ADAM-018 | RQ-ADAM-019,,0.97,PRE_ADAM_JINN_AND_IBLIS_REPORTS,KAB_AL_AHBAR | WAHB_IBN_MUNABBIH,HADITH_GRADING_REQUIRED | FULL_ISNAD_PARSE_AND_CHAIN_RESEARCH | EARLY_REPORT_OR_ISRAILIYYAT_CLASSIFICATION_REQUIRED | EXACT_PASSAGE_BOUNDARY_REQUIRED,مفيد لأسئلة خلق الجن قبل آدم وسبب ذكر إبليس مع الملائكة وما نقل عن حاله قبل المعصية. يتضمن أخبارًا عن وهب وكعب وتفاصيل غرائبية، فتبقى مرشحة للتصنيف ولا تساق جزمًا.
2ce508922377ddcde61638e7,SRC-HISTORY-MUNTAZAM-ADAM,12406,EXCLUDE,OUT_OF_SCOPE_OR_INCIDENTAL,PRE_CREATION,,,,0.9,INCIDENTAL_OR_DUPLICATE_REFERENCE,,FULL_ISNAD_PARSE_AND_CHAIN_RESEARCH,الذكر عارض أو عام، أو يقع في قصة أخرى/زمن لاحق، أو يكرر معلومة أوضح في نافذة أقرب إلى موضعها الأصلي.
1d42c69f6a3eec9493266ae0,SRC-HISTORY-MUNTAZAM-ADAM,12406,INCLUDE,IN_SCOPE,PRE_CREATION,,,DUP-PRE_CREATION-011,0.92,DIRECT_EPISODE_RESEARCH_VALUE,,HADITH_GRADING_REQUIRED | FULL_ISNAD_PARSE_AND_CHAIN_RESEARCH,تتضمن النافذة مادة مباشرة تخدم سؤالًا أو حدثًا داخل نطاق الحلقة. الإدراج هنا للبحث والتحقق فقط، وليس اعتمادًا للمتن أو الحكم على الرواية.
949b1a6c15cc946c9e5fd4b3,SRC-HISTORY-MUNTAZAM-ADAM,12406,EXCLUDE,OUT_OF_SCOPE_OR_INCIDENTAL,OUT_OF_SCOPE,,,,1.0,BACK_OF_BOOK_INDEX_FALSE_POSITIVE,,HADITH_GRADING_REQUIRED,المادة فهرس أعلام وأسماء يرد فيه لفظ آدم ضمن الأنساب وأسماء الرواة، وليست نصًا في قصة آدم.
9f75a7c9245f07987d17f922,SRC-HISTORY-MUNTAZAM-ADAM,12406,INCLUDE,IN_SCOPE,PRE_CREATION,,,DUP-PRE_CREATION-011,0.92,DIRECT_EPISODE_RESEARCH_VALUE,KAB_AL_AHBAR,HADITH_GRADING_REQUIRED | FULL_ISNAD_PARSE_AND_CHAIN_RESEARCH | ISRAILIYYAT_OR_EARLY_REPORT_CLASSIFICATION_REQUIRED,تتضمن النافذة مادة مباشرة تخدم سؤالًا أو حدثًا داخل نطاق الحلقة. الإدراج هنا للبحث والتحقق فقط، وليس اعتمادًا للمتن أو الحكم على الرواية.
daf93de6ff71ee53c09c88bb,SRC-HISTORY-MUNTAZAM-ADAM,12406,EXCLUDE,OUT_OF_SCOPE_OR_INCIDENTAL,PRE_CREATION,,,,0.9,INCIDENTAL_OR_DUPLICATE_REFERENCE,,FULL_ISNAD_PARSE_AND_CHAIN_RESEARCH,الذكر عارض أو عام، أو يقع في قصة أخرى/زمن لاحق، أو يكرر معلومة أوضح في نافذة أقرب إلى موضعها الأصلي.
ec52bfa99e3b156d2f9e50cd,SRC-HISTORY-MUNTAZAM-ADAM,12406,EXCLUDE,OUT_OF_SCOPE_OR_INCIDENTAL,CREATION_MATERIAL,,,,0.9,INCIDENTAL_OR_DUPLICATE_REFERENCE,,FULL_ISNAD_PARSE_AND_CHAIN_RESEARCH,الذكر عارض أو عام، أو يقع في قصة أخرى/زمن لاحق، أو يكرر معلومة أوضح في نافذة أقرب إلى موضعها الأصلي.
86ef67e128ad1bdc45cd554a,SRC-HISTORY-MUNTAZAM-ADAM,12406,EXCLUDE,OUT_OF_SCOPE_OR_INCIDENTAL,FORM_AND_SPIRIT,,,,0.9,INCIDENTAL_OR_DUPLICATE_REFERENCE,,FULL_ISNAD_PARSE_AND_CHAIN_RESEARCH,الذكر عارض أو عام، أو يقع في قصة أخرى/زمن لاحق، أو يكرر معلومة أوضح في نافذة أقرب إلى موضعها الأصلي.
6a0b21c63e708371877a805d,SRC-HISTORY-MUNTAZAM-ADAM,12406,EXCLUDE,OUT_OF_SCOPE_OR_INCIDENTAL,PRE_CREATION,,,,0.9,INCIDENTAL_OR_DUPLICATE_REFERENCE,,,الذكر عارض أو عام، أو يقع في قصة أخرى/زمن لاحق، أو يكرر معلومة أوضح في نافذة أقرب إلى موضعها الأصلي.
7c800927595400bc5eceabc0,SRC-HISTORY-MUNTAZAM-ADAM,12406,EXCLUDE,OUT_OF_SCOPE_OR_INCIDENTAL,CREATION_MATERIAL,,,,0.9,INCIDENTAL_OR_DUPLICATE_REFERENCE,,FULL_ISNAD_PARSE_AND_CHAIN_RESEARCH,الذكر عارض أو عام، أو يقع في قصة أخرى/زمن لاحق، أو يكرر معلومة أوضح في نافذة أقرب إلى موضعها الأصلي.
cf9fa3117a2926f0ca08f080,SRC-HISTORY-MUNTAZAM-ADAM,12406,EXCLUDE,OUT_OF_SCOPE_OR_INCIDENTAL,CREATION_MATERIAL,,,,0.9,INCIDENTAL_OR_DUPLICATE_REFERENCE,,FULL_ISNAD_PARSE_AND_CHAIN_RESEARCH,الذكر عارض أو عام، أو يقع في قصة أخرى/زمن لاحق، أو يكرر معلومة أوضح في نافذة أقرب إلى موضعها الأصلي.
6658eb9e1065fe052ea879e2,SRC-HISTORY-MUNTAZAM-ADAM,12406,EXCLUDE,OUT_OF_SCOPE_OR_INCIDENTAL,PROSTRATION_AND_IBLIS,,,,0.9,INCIDENTAL_OR_DUPLICATE_REFERENCE,,FULL_ISNAD_PARSE_AND_CHAIN_RESEARCH,الذكر عارض أو عام، أو يقع في قصة أخرى/زمن لاحق، أو يكرر معلومة أوضح في نافذة أقرب إلى موضعها الأصلي.
f243e96e5bec698e7c6eb72c,SRC-HISTORY-MUNTAZAM-ADAM,12406,EXCLUDE,OUT_OF_SCOPE_OR_INCIDENTAL,PRE_CREATION,,,,0.9,INCIDENTAL_OR_DUPLICATE_REFERENCE,KAB_AL_AHBAR,FULL_ISNAD_PARSE_AND_CHAIN_RESEARCH | ISRAILIYYAT_OR_EARLY_REPORT_CLASSIFICATION_REQUIRED,الذكر عارض أو عام، أو يقع في قصة أخرى/زمن لاحق، أو يكرر معلومة أوضح في نافذة أقرب إلى موضعها الأصلي.
769ec1f82e5df63cb37fb296,SRC-HISTORY-MUNTAZAM-ADAM,12406,EXCLUDE,OUT_OF_SCOPE_OR_INCIDENTAL,PRE_CREATION,,,,0.9,INCIDENTAL_OR_DUPLICATE_REFERENCE,,FULL_ISNAD_PARSE_AND_CHAIN_RESEARCH,الذكر عارض أو عام، أو يقع في قصة أخرى/زمن لاحق، أو يكرر معلومة أوضح في نافذة أقرب إلى موضعها الأصلي.
2d9ddea2f23ac578f3b52a3f,SRC-HISTORY-MUNTAZAM-ADAM,12406,EXCLUDE,OUT_OF_SCOPE_OR_INCIDENTAL,PROSTRATION_AND_IBLIS,,,,0.9,INCIDENTAL_OR_DUPLICATE_REFERENCE,,HADITH_GRADING_REQUIRED | FULL_ISNAD_PARSE_AND_CHAIN_RESEARCH,الذكر عارض أو عام، أو يقع في قصة أخرى/زمن لاحق، أو يكرر معلومة أوضح في نافذة أقرب إلى موضعها الأصلي.
999380fdb5f2eed0f3680e97,SRC-HISTORY-MUNTAZAM-ADAM,12406,EXCLUDE,OUT_OF_SCOPE_OR_INCIDENTAL,PROSTRATION_AND_IBLIS,,,,0.9,INCIDENTAL_OR_DUPLICATE_REFERENCE,,,الذكر عارض أو عام، أو يقع في قصة أخرى/زمن لاحق، أو يكرر معلومة أوضح في نافذة أقرب إلى موضعها الأصلي.
73c57cbcbf01687522e9db33,SRC-HISTORY-MUNTAZAM-ADAM,12406,EXCLUDE,OUT_OF_SCOPE_OR_INCIDENTAL,PRE_CREATION,,,,0.9,INCIDENTAL_OR_DUPLICATE_REFERENCE,,FULL_ISNAD_PARSE_AND_CHAIN_RESEARCH,الذكر عارض أو عام، أو يقع في قصة أخرى/زمن لاحق، أو يكرر معلومة أوضح في نافذة أقرب إلى موضعها الأصلي.
9af1777d93c5536e1e0a6490,SRC-HISTORY-MUNTAZAM-ADAM,12406,EXCLUDE,OUT_OF_SCOPE_OR_INCIDENTAL,GENERAL_ADAM_REFERENCE,,,,0.9,INCIDENTAL_OR_DUPLICATE_REFERENCE,,FULL_ISNAD_PARSE_AND_CHAIN_RESEARCH,الذكر عارض أو عام، أو يقع في قصة أخرى/زمن لاحق، أو يكرر معلومة أوضح في نافذة أقرب إلى موضعها الأصلي.
4b97becab141ac7345d07d8c,SRC-HISTORY-MUNTAZAM-ADAM,12406,INCLUDE,IN_SCOPE,PRE_CREATION,,,DUP-PRE_CREATION-011,0.92,DIRECT_EPISODE_RESEARCH_VALUE,,HADITH_GRADING_REQUIRED | FULL_ISNAD_PARSE_AND_CHAIN_RESEARCH,تتضمن النافذة مادة مباشرة تخدم سؤالًا أو حدثًا داخل نطاق الحلقة. الإدراج هنا للبحث والتحقق فقط، وليس اعتمادًا للمتن أو الحكم على الرواية.
30647625c2bc81e81682f3a0,SRC-HISTORY-MUNTAZAM-ADAM,12406,EXCLUDE,OUT_OF_SCOPE_OR_INCIDENTAL,GENERAL_ADAM_REFERENCE,,,,0.9,INCIDENTAL_OR_DUPLICATE_REFERENCE,WAHB_IBN_MUNABBIH,HADITH_GRADING_REQUIRED | FULL_ISNAD_PARSE_AND_CHAIN_RESEARCH | ISRAILIYYAT_OR_EARLY_REPORT_CLASSIFICATION_REQUIRED,الذكر عارض أو عام، أو يقع في قصة أخرى/زمن لاحق، أو يكرر معلومة أوضح في نافذة أقرب إلى موضعها الأصلي.
3c3bb7eb8106b164590204f9,SRC-HISTORY-MUNTAZAM-ADAM,12406,EXCLUDE,OUT_OF_SCOPE_OR_INCIDENTAL,GENERAL_ADAM_REFERENCE,,,,0.9,INCIDENTAL_OR_DUPLICATE_REFERENCE,,FULL_ISNAD_PARSE_AND_CHAIN_RESEARCH,الذكر عارض أو عام، أو يقع في قصة أخرى/زمن لاحق، أو يكرر معلومة أوضح في نافذة أقرب إلى موضعها الأصلي.
3611b5fe67bb933d75b15325,SRC-HISTORY-MUNTAZAM-ADAM,12406,EXCLUDE,OUT_OF_SCOPE_OR_INCIDENTAL,GENERAL_ADAM_REFERENCE,,,,0.9,INCIDENTAL_OR_DUPLICATE_REFERENCE,,FULL_ISNAD_PARSE_AND_CHAIN_RESEARCH,الذكر عارض أو عام، أو يقع في قصة أخرى/زمن لاحق، أو يكرر معلومة أوضح في نافذة أقرب إلى موضعها الأصلي.
fc95dde8755ea5efbb4bad11,SRC-HISTORY-TABARI-ADAM,9783,INCLUDE,MIXED,PRE_CREATION_AND_JINN,EV-ADAM-001 | EV-ADAM-002 | EV-ADAM-003 | EV-ADAM-004 | EV-ADAM-005 | EV-ADAM-006 | EV-ADAM-007 | EV-ADAM-010 | EV-ADAM-011 | EV-ADAM-020 | EV-ADAM-021 | EV-ADAM-022 | EV-ADAM-023 | EV-ADAM-024 | EV-ADAM-030 | EV-ADAM-031 | EV-ADAM-032 | EV-ADAM-033 | EV-ADAM-040 | EV-ADAM-041 | EV-ADAM-042 | EV-ADAM-050 | EV-ADAM-051 | EV-ADAM-052 | EV-ADAM-053 | EV-ADAM-054 | EV-ADAM-055 | EV-ADAM-070 | EV-ADAM-071 | EV-ADAM-080 | EV-ADAM-081 | EV-ADAM-082 | EV-ADAM-090 | EV-ADAM-091 | EV-ADAM-099,RQ-ADAM-001 | RQ-ADAM-002 | RQ-ADAM-003 | RQ-ADAM-004 | RQ-ADAM-005 | RQ-ADAM-006 | RQ-ADAM-020 | RQ-ADAM-007 | RQ-ADAM-008 | RQ-ADAM-009 | RQ-ADAM-010 | RQ-ADAM-011 | RQ-ADAM-012 | RQ-ADAM-013 | RQ-ADAM-014 | RQ-ADAM-015 | RQ-ADAM-016 | RQ-ADAM-017 | RQ-ADAM-018 | RQ-ADAM-019 | RQ-ADAM-025 | RQ-ADAM-026 | RQ-ADAM-027 | RQ-ADAM-028 | RQ-ADAM-029 | RQ-ADAM-030 | RQ-ADAM-032,,0.99,PRIMARY_HISTORICAL_ADAM_SECTION,WAHB_IBN_MUNABBIH,HADITH_GRADING_REQUIRED | FULL_ISNAD_PARSE_AND_CHAIN_RESEARCH | EARLY_REPORT_OR_ISRAILIYYAT_CLASSIFICATION_REQUIRED | EXACT_PASSAGE_BOUNDARY_REQUIRED,قسم تاريخي رئيسي يجمع طرقًا كثيرة في الخلافة ومادة الخلق ونفخ الروح والأسماء والسجود والسكن، ثم يمتد إلى الوسوسة والهبوط والذرية والوفاة. يفكك إلى تقارير مستقلة ويتوقف عند النهي عن الشجرة.
1e8c307040e32fb58931b159,SRC-HISTORY-TABARI-ADAM,9783,EXCLUDE,OUT_OF_SCOPE_OR_INCIDENTAL,PRE_CREATION,,,,0.9,INCIDENTAL_OR_DUPLICATE_REFERENCE,,FULL_ISNAD_PARSE_AND_CHAIN_RESEARCH,الذكر عارض أو عام، أو يقع في قصة أخرى/زمن لاحق، أو يكرر معلومة أوضح في نافذة أقرب إلى موضعها الأصلي.
4f0d216267deb689f343c163,SRC-HISTORY-TABARI-ADAM,9783,INCLUDE,IN_SCOPE,PRE_CREATION,,,DUP-PRE_CREATION-012,0.92,DIRECT_EPISODE_RESEARCH_VALUE,,HADITH_GRADING_REQUIRED | FULL_ISNAD_PARSE_AND_CHAIN_RESEARCH,تتضمن النافذة مادة مباشرة تخدم سؤالًا أو حدثًا داخل نطاق الحلقة. الإدراج هنا للبحث والتحقق فقط، وليس اعتمادًا للمتن أو الحكم على الرواية.
319434f689012c48d536da3f,SRC-HISTORY-TABARI-ADAM,9783,EXCLUDE,OUT_OF_SCOPE_OR_INCIDENTAL,CREATION_MATERIAL,,,,0.9,INCIDENTAL_OR_DUPLICATE_REFERENCE,,FULL_ISNAD_PARSE_AND_CHAIN_RESEARCH,الذكر عارض أو عام، أو يقع في قصة أخرى/زمن لاحق، أو يكرر معلومة أوضح في نافذة أقرب إلى موضعها الأصلي.
e37b16ebf3b8b8819ae11b80,SRC-HISTORY-TABARI-ADAM,9783,INCLUDE,IN_SCOPE,PRE_CREATION,,,DUP-PRE_CREATION-012,0.92,DIRECT_EPISODE_RESEARCH_VALUE,,HADITH_GRADING_REQUIRED | FULL_ISNAD_PARSE_AND_CHAIN_RESEARCH,تتضمن النافذة مادة مباشرة تخدم سؤالًا أو حدثًا داخل نطاق الحلقة. الإدراج هنا للبحث والتحقق فقط، وليس اعتمادًا للمتن أو الحكم على الرواية.
3bea7c95675ac163ed02ead1,SRC-HISTORY-TABARI-ADAM,9783,INCLUDE,IN_SCOPE,ANNOUNCEMENT,,,,0.92,DIRECT_EPISODE_RESEARCH_VALUE,,FULL_ISNAD_PARSE_AND_CHAIN_RESEARCH,تتضمن النافذة مادة مباشرة تخدم سؤالًا أو حدثًا داخل نطاق الحلقة. الإدراج هنا للبحث والتحقق فقط، وليس اعتمادًا للمتن أو الحكم على الرواية.
9ba777a9308de073b0742b7a,SRC-HISTORY-TABARI-ADAM,9783,EXCLUDE,OUT_OF_SCOPE_OR_INCIDENTAL,FORM_AND_SPIRIT,,,,0.9,INCIDENTAL_OR_DUPLICATE_REFERENCE,,HADITH_GRADING_REQUIRED | FULL_ISNAD_PARSE_AND_CHAIN_RESEARCH,الذكر عارض أو عام، أو يقع في قصة أخرى/زمن لاحق، أو يكرر معلومة أوضح في نافذة أقرب إلى موضعها الأصلي.
aa2db0916852f15ff69223e9,SRC-HISTORY-TABARI-ADAM,9783,EXCLUDE,OUT_OF_SCOPE_OR_INCIDENTAL,PROSTRATION_AND_IBLIS,,,,0.9,INCIDENTAL_OR_DUPLICATE_REFERENCE,,FULL_ISNAD_PARSE_AND_CHAIN_RESEARCH,الذكر عارض أو عام، أو يقع في قصة أخرى/زمن لاحق، أو يكرر معلومة أوضح في نافذة أقرب إلى موضعها الأصلي.
68950462a89a1fdd5e46d305,SRC-HISTORY-TABARI-ADAM,9783,EXCLUDE,OUT_OF_SCOPE_OR_INCIDENTAL,PROSTRATION_AND_IBLIS,,,,0.9,INCIDENTAL_OR_DUPLICATE_REFERENCE,,FULL_ISNAD_PARSE_AND_CHAIN_RESEARCH,الذكر عارض أو عام، أو يقع في قصة أخرى/زمن لاحق، أو يكرر معلومة أوضح في نافذة أقرب إلى موضعها الأصلي.
9c93429d660f133e5445fd5c,SRC-HISTORY-TABARI-ADAM,9783,EXCLUDE,OUT_OF_SCOPE_OR_INCIDENTAL,PROSTRATION_AND_IBLIS,,,,0.9,INCIDENTAL_OR_DUPLICATE_REFERENCE,,FULL_ISNAD_PARSE_AND_CHAIN_RESEARCH,الذكر عارض أو عام، أو يقع في قصة أخرى/زمن لاحق، أو يكرر معلومة أوضح في نافذة أقرب إلى موضعها الأصلي.
4027dbc2c902fb0ff4e33a6f,SRC-HISTORY-TABARI-ADAM,9783,EXCLUDE,OUT_OF_SCOPE_OR_INCIDENTAL,PROSTRATION_AND_IBLIS,,,,0.9,INCIDENTAL_OR_DUPLICATE_REFERENCE,,FULL_ISNAD_PARSE_AND_CHAIN_RESEARCH,الذكر عارض أو عام، أو يقع في قصة أخرى/زمن لاحق، أو يكرر معلومة أوضح في نافذة أقرب إلى موضعها الأصلي.
40f75f6bcf92175ba715e832,SRC-HISTORY-TABARI-ADAM,9783,EXCLUDE,OUT_OF_SCOPE_OR_INCIDENTAL,CREATION_MATERIAL,,,,0.9,INCIDENTAL_OR_DUPLICATE_REFERENCE,,FULL_ISNAD_PARSE_AND_CHAIN_RESEARCH,الذكر عارض أو عام، أو يقع في قصة أخرى/زمن لاحق، أو يكرر معلومة أوضح في نافذة أقرب إلى موضعها الأصلي.
6912002b5acbc8861142e49a,SRC-HISTORY-TABARI-ADAM,9783,EXCLUDE,OUT_OF_SCOPE_OR_INCIDENTAL,CREATION_MATERIAL,,,,0.9,INCIDENTAL_OR_DUPLICATE_REFERENCE,,HADITH_GRADING_REQUIRED | FULL_ISNAD_PARSE_AND_CHAIN_RESEARCH,الذكر عارض أو عام، أو يقع في قصة أخرى/زمن لاحق، أو يكرر معلومة أوضح في نافذة أقرب إلى موضعها الأصلي.
a17d7b8d39d98a50971eeeb1,SRC-HISTORY-TABARI-ADAM,9783,EXCLUDE,OUT_OF_SCOPE_OR_INCIDENTAL,HONOUR_AND_STATUS,,,,0.9,INCIDENTAL_OR_DUPLICATE_REFERENCE,,FULL_ISNAD_PARSE_AND_CHAIN_RESEARCH,الذكر عارض أو عام، أو يقع في قصة أخرى/زمن لاحق، أو يكرر معلومة أوضح في نافذة أقرب إلى موضعها الأصلي.
7276dcf376111fac61cf8c7c,SRC-HISTORY-TABARI-ADAM,9783,EXCLUDE,OUT_OF_SCOPE_OR_INCIDENTAL,OUT_OF_SCOPE,,,,1.0,NOAH_AND_POST_ADAM_HISTORY,,HADITH_GRADING_REQUIRED | FULL_ISNAD_PARSE_AND_CHAIN_RESEARCH,المادة في نوح والطوفان وتاريخ ذرية آدم، وذكر آدم فيها عرضي وزمني؛ خارج نطاق الحلقة.
2985f5379149aa7a1eea3908,SRC-HISTORY-TABARI-ADAM,9783,EXCLUDE,OUT_OF_SCOPE_OR_INCIDENTAL,GENERAL_ADAM_REFERENCE,,,,0.9,INCIDENTAL_OR_DUPLICATE_REFERENCE,WAHB_IBN_MUNABBIH,FULL_ISNAD_PARSE_AND_CHAIN_RESEARCH | ISRAILIYYAT_OR_EARLY_REPORT_CLASSIFICATION_REQUIRED,الذكر عارض أو عام، أو يقع في قصة أخرى/زمن لاحق، أو يكرر معلومة أوضح في نافذة أقرب إلى موضعها الأصلي.
050a6b8ff12ed7e950c0e304,SRC-HISTORY-TABARI-ADAM,9783,INCLUDE,IN_SCOPE,PRE_CREATION,,,DUP-PRE_CREATION-012,0.92,DIRECT_EPISODE_RESEARCH_VALUE,,FULL_ISNAD_PARSE_AND_CHAIN_RESEARCH,تتضمن النافذة مادة مباشرة تخدم سؤالًا أو حدثًا داخل نطاق الحلقة. الإدراج هنا للبحث والتحقق فقط، وليس اعتمادًا للمتن أو الحكم على الرواية.
13709c8af09cb8d06a9b5984,SRC-HISTORY-TABARI-ADAM,9783,INCLUDE,IN_SCOPE,PRE_CREATION,,,DUP-PRE_CREATION-012,0.92,DIRECT_EPISODE_RESEARCH_VALUE,,FULL_ISNAD_PARSE_AND_CHAIN_RESEARCH,تتضمن النافذة مادة مباشرة تخدم سؤالًا أو حدثًا داخل نطاق الحلقة. الإدراج هنا للبحث والتحقق فقط، وليس اعتمادًا للمتن أو الحكم على الرواية.
f6429d56b7d61ffe699f23b5,SRC-HISTORY-TABARI-ADAM,9783,EXCLUDE,OUT_OF_SCOPE_OR_INCIDENTAL,GENERAL_ADAM_REFERENCE,,,,0.9,INCIDENTAL_OR_DUPLICATE_REFERENCE,,FULL_ISNAD_PARSE_AND_CHAIN_RESEARCH,الذكر عارض أو عام، أو يقع في قصة أخرى/زمن لاحق، أو يكرر معلومة أوضح في نافذة أقرب إلى موضعها الأصلي.
37d379bcdb64c00c4fdfd02e,SRC-HISTORY-TABARI-ADAM,9783,INCLUDE,IN_SCOPE,GENERAL_ADAM_REFERENCE,,,,0.92,DIRECT_EPISODE_RESEARCH_VALUE,,HADITH_GRADING_REQUIRED | FULL_ISNAD_PARSE_AND_CHAIN_RESEARCH,تتضمن النافذة مادة مباشرة تخدم سؤالًا أو حدثًا داخل نطاق الحلقة. الإدراج هنا للبحث والتحقق فقط، وليس اعتمادًا للمتن أو الحكم على الرواية.
f532bbc562c6a6b38d94c2f1,SRC-HISTORY-TABARI-ADAM,9783,EXCLUDE,OUT_OF_SCOPE_OR_INCIDENTAL,PRE_CREATION,,,,0.9,INCIDENTAL_OR_DUPLICATE_REFERENCE,,HADITH_GRADING_REQUIRED | FULL_ISNAD_PARSE_AND_CHAIN_RESEARCH,الذكر عارض أو عام، أو يقع في قصة أخرى/زمن لاحق، أو يكرر معلومة أوضح في نافذة أقرب إلى موضعها الأصلي.
5df5ba0b457f8ceeb9692150,SRC-HISTORY-TABARI-ADAM,9783,EXCLUDE,OUT_OF_SCOPE_OR_INCIDENTAL,PRE_CREATION,,,,0.9,INCIDENTAL_OR_DUPLICATE_REFERENCE,,FULL_ISNAD_PARSE_AND_CHAIN_RESEARCH,الذكر عارض أو عام، أو يقع في قصة أخرى/زمن لاحق، أو يكرر معلومة أوضح في نافذة أقرب إلى موضعها الأصلي.
03f827d04745916e6b66343b,SRC-HISTORY-TABARI-ADAM,9783,EXCLUDE,OUT_OF_SCOPE_OR_INCIDENTAL,GENERAL_ADAM_REFERENCE,,,,0.9,INCIDENTAL_OR_DUPLICATE_REFERENCE,,FULL_ISNAD_PARSE_AND_CHAIN_RESEARCH,الذكر عارض أو عام، أو يقع في قصة أخرى/زمن لاحق، أو يكرر معلومة أوضح في نافذة أقرب إلى موضعها الأصلي.
e3e19a3be5687d2034fe133b,SRC-HISTORY-TABARI-ADAM,9783,EXCLUDE,OUT_OF_SCOPE_OR_INCIDENTAL,GENERAL_ADAM_REFERENCE,,,,0.9,INCIDENTAL_OR_DUPLICATE_REFERENCE,,FULL_ISNAD_PARSE_AND_CHAIN_RESEARCH,الذكر عارض أو عام، أو يقع في قصة أخرى/زمن لاحق، أو يكرر معلومة أوضح في نافذة أقرب إلى موضعها الأصلي.
cea42c9e60b0857a2958ba3a,SRC-HISTORY-TABARI-ADAM,9783,EXCLUDE,OUT_OF_SCOPE_OR_INCIDENTAL,GENERAL_ADAM_REFERENCE,,,,0.9,INCIDENTAL_OR_DUPLICATE_REFERENCE,,FULL_ISNAD_PARSE_AND_CHAIN_RESEARCH,الذكر عارض أو عام، أو يقع في قصة أخرى/زمن لاحق، أو يكرر معلومة أوضح في نافذة أقرب إلى موضعها الأصلي.
36d2277006b444a48a56620b,SRC-HISTORY-TABARI-ADAM,9783,EXCLUDE,OUT_OF_SCOPE_OR_INCIDENTAL,GENERAL_ADAM_REFERENCE,,,,0.9,INCIDENTAL_OR_DUPLICATE_REFERENCE,,FULL_ISNAD_PARSE_AND_CHAIN_RESEARCH,الذكر عارض أو عام، أو يقع في قصة أخرى/زمن لاحق، أو يكرر معلومة أوضح في نافذة أقرب إلى موضعها الأصلي.
9891d00d245714c28b4231db,SRC-HISTORY-TABARI-ADAM,9783,EXCLUDE,OUT_OF_SCOPE_OR_INCIDENTAL,PRE_CREATION,,,,0.9,INCIDENTAL_OR_DUPLICATE_REFERENCE,,FULL_ISNAD_PARSE_AND_CHAIN_RESEARCH,الذكر عارض أو عام، أو يقع في قصة أخرى/زمن لاحق، أو يكرر معلومة أوضح في نافذة أقرب إلى موضعها الأصلي.
8d12571c3a659c44c1cbb59e,SRC-HISTORY-TABARI-ADAM,9783,EXCLUDE,OUT_OF_SCOPE_OR_INCIDENTAL,PRE_CREATION,,,,0.9,INCIDENTAL_OR_DUPLICATE_REFERENCE,WAHB_IBN_MUNABBIH,FULL_ISNAD_PARSE_AND_CHAIN_RESEARCH | ISRAILIYYAT_OR_EARLY_REPORT_CLASSIFICATION_REQUIRED,الذكر عارض أو عام، أو يقع في قصة أخرى/زمن لاحق، أو يكرر معلومة أوضح في نافذة أقرب إلى موضعها الأصلي.
17a42c113b84bbc608ac5082,SRC-HISTORY-TABARI-ADAM,9783,EXCLUDE,OUT_OF_SCOPE_OR_INCIDENTAL,GENERAL_ADAM_REFERENCE,,,,0.9,INCIDENTAL_OR_DUPLICATE_REFERENCE,,FULL_ISNAD_PARSE_AND_CHAIN_RESEARCH,الذكر عارض أو عام، أو يقع في قصة أخرى/زمن لاحق، أو يكرر معلومة أوضح في نافذة أقرب إلى موضعها الأصلي.
5df5c11791e4bcf8ce751535,SRC-HISTORY-TABARI-ADAM,9783,EXCLUDE,OUT_OF_SCOPE_OR_INCIDENTAL,PRE_CREATION,,,,0.9,INCIDENTAL_OR_DUPLICATE_REFERENCE,,FULL_ISNAD_PARSE_AND_CHAIN_RESEARCH,الذكر عارض أو عام، أو يقع في قصة أخرى/زمن لاحق، أو يكرر معلومة أوضح في نافذة أقرب إلى موضعها الأصلي.
8168931b617cc5d5cc389150,SRC-HISTORY-TABARI-ADAM,9783,EXCLUDE,OUT_OF_SCOPE_OR_INCIDENTAL,GENERAL_ADAM_REFERENCE,,,,0.9,INCIDENTAL_OR_DUPLICATE_REFERENCE,,FULL_ISNAD_PARSE_AND_CHAIN_RESEARCH,الذكر عارض أو عام، أو يقع في قصة أخرى/زمن لاحق، أو يكرر معلومة أوضح في نافذة أقرب إلى موضعها الأصلي.
72789b17347b2fab0f068d55,SRC-HISTORY-TABARI-ADAM,9783,EXCLUDE,OUT_OF_SCOPE_OR_INCIDENTAL,GENERAL_ADAM_REFERENCE,,,,0.9,INCIDENTAL_OR_DUPLICATE_REFERENCE,,FULL_ISNAD_PARSE_AND_CHAIN_RESEARCH,الذكر عارض أو عام، أو يقع في قصة أخرى/زمن لاحق، أو يكرر معلومة أوضح في نافذة أقرب إلى موضعها الأصلي.
9eed2edbe4b5d7c23bd19c56,SRC-TAFSIR-BAGHAWI-ADAM,41,INCLUDE,MIXED,ANNOUNCEMENT,EV-ADAM-010 | EV-ADAM-011 | EV-ADAM-020 | EV-ADAM-021 | EV-ADAM-022 | EV-ADAM-023 | EV-ADAM-024 | EV-ADAM-040 | EV-ADAM-041 | EV-ADAM-042 | EV-ADAM-050 | EV-ADAM-051 | EV-ADAM-052 | EV-ADAM-053 | EV-ADAM-054 | EV-ADAM-055 | EV-ADAM-080 | EV-ADAM-081 | EV-ADAM-082 | EV-ADAM-090 | EV-ADAM-091 | EV-ADAM-099,RQ-ADAM-007 | RQ-ADAM-008 | RQ-ADAM-009 | RQ-ADAM-010 | RQ-ADAM-011 | RQ-ADAM-012 | RQ-ADAM-015 | RQ-ADAM-016 | RQ-ADAM-017 | RQ-ADAM-018 | RQ-ADAM-019 | RQ-ADAM-020 | RQ-ADAM-028 | RQ-ADAM-029 | RQ-ADAM-030 | RQ-ADAM-032,,0.99,BAQARAH_CORE_PASSAGE_WITH_LATER_MATERIAL,,FULL_ISNAD_PARSE_AND_CHAIN_RESEARCH | EXACT_PASSAGE_BOUNDARY_REQUIRED,يشرح آيات الخلافة والأسماء والسجود والسكن والنهي عن الشجرة. يستبعد ما بعد بدء الإزلال والوسوسة، وتبقى أقوال تعيين الشجرة روايات غير مجزوم بها.
bd440ba20e6607ec3e5b7180,SRC-TAFSIR-BAGHAWI-ADAM,41,INCLUDE,MIXED,PROSTRATION_AND_IBLIS,EV-ADAM-050 | EV-ADAM-051 | EV-ADAM-052 | EV-ADAM-053 | EV-ADAM-054 | EV-ADAM-055,RQ-ADAM-017 | RQ-ADAM-018 | RQ-ADAM-019 | RQ-ADAM-020,,0.97,IBLIS_REFUSAL_AND_THREAT_PASSAGE,,HADITH_GRADING_REQUIRED | FULL_ISNAD_PARSE_AND_CHAIN_RESEARCH | EXACT_PASSAGE_BOUNDARY_REQUIRED,الموضع الأساسي تفسير السجود واحتجاج إبليس وتهديده للذرية. الصفحات المجاورة تتضمن مواد عامة وغرائب لا تدخل القصة، فتحدد حدود النص بدقة.
c631c95f61ee66f2f7cbc0b3,SRC-TAFSIR-BAGHAWI-ADAM,41,INCLUDE,IN_SCOPE,CREATION,EV-ADAM-020 | EV-ADAM-021 | EV-ADAM-022 | EV-ADAM-023 | EV-ADAM-024 | EV-ADAM-030 | EV-ADAM-031 | EV-ADAM-032 | EV-ADAM-033 | EV-ADAM-050 | EV-ADAM-051 | EV-ADAM-052 | EV-ADAM-053 | EV-ADAM-054 | EV-ADAM-055,RQ-ADAM-009 | RQ-ADAM-010 | RQ-ADAM-011 | RQ-ADAM-012 | RQ-ADAM-013 | RQ-ADAM-014 | RQ-ADAM-017 | RQ-ADAM-018 | RQ-ADAM-019 | RQ-ADAM-020,,0.99,SAD_CREATION_AND_PROSTRATION_PASSAGE,,FULL_ISNAD_PARSE_AND_CHAIN_RESEARCH,تفسير مباشر لخلق البشر من الطين والتسوية ونفخ الروح والسجود وامتناع إبليس؛ داخل نطاق الحلقة.
f752d9421479110788fbd363,SRC-TAFSIR-BAGHAWI-ADAM,41,INCLUDE,MIXED,PROSTRATION_AND_IBLIS,EV-ADAM-050 | EV-ADAM-051 | EV-ADAM-052 | EV-ADAM-053 | EV-ADAM-054 | EV-ADAM-055 | EV-ADAM-080 | EV-ADAM-081 | EV-ADAM-082 | EV-ADAM-090 | EV-ADAM-091 | EV-ADAM-099,RQ-ADAM-017 | RQ-ADAM-018 | RQ-ADAM-019 | RQ-ADAM-020 | RQ-ADAM-028 | RQ-ADAM-029 | RQ-ADAM-030 | RQ-ADAM-032,,0.99,ARAF_RESIDENCE_AND_PROHIBITION_BEFORE_WHISPERING,,HADITH_GRADING_REQUIRED | FULL_ISNAD_PARSE_AND_CHAIN_RESEARCH | EXACT_PASSAGE_BOUNDARY_REQUIRED,يضم طرد إبليس وإسكان آدم وزوجه والنهي عن الشجرة، ثم ينتقل إلى الوسوسة وما بعدها؛ تنتهي المادة المعتمدة عند النهي والتحذير قبل وصف الوسوسة.
6719c5ba9b6c89176bc7ba6b,SRC-TAFSIR-BAGHAWI-ADAM,41,INCLUDE,IN_SCOPE,CREATION_MATERIAL,,,DUP-CREATION_MATERIAL-002,0.92,DIRECT_EPISODE_RESEARCH_VALUE,WAHB_IBN_MUNABBIH,HADITH_GRADING_REQUIRED | FULL_ISNAD_PARSE_AND_CHAIN_RESEARCH | ISRAILIYYAT_OR_EARLY_REPORT_CLASSIFICATION_REQUIRED,تتضمن النافذة مادة مباشرة تخدم سؤالًا أو حدثًا داخل نطاق الحلقة. الإدراج هنا للبحث والتحقق فقط، وليس اعتمادًا للمتن أو الحكم على الرواية.
62dbc6729a0b91cfede22bce,SRC-TAFSIR-BAGHAWI-ADAM,41,INCLUDE,IN_SCOPE,PRE_CREATION,,,DUP-PRE_CREATION-013,0.92,DIRECT_EPISODE_RESEARCH_VALUE,,FULL_ISNAD_PARSE_AND_CHAIN_RESEARCH,تتضمن النافذة مادة مباشرة تخدم سؤالًا أو حدثًا داخل نطاق الحلقة. الإدراج هنا للبحث والتحقق فقط، وليس اعتمادًا للمتن أو الحكم على الرواية.
072dc19337c0229482752f56,SRC-TAFSIR-BAGHAWI-ADAM,41,INCLUDE,IN_SCOPE,CREATION_MATERIAL,,,DUP-CREATION_MATERIAL-002,0.92,DIRECT_EPISODE_RESEARCH_VALUE,,HADITH_GRADING_REQUIRED | FULL_ISNAD_PARSE_AND_CHAIN_RESEARCH,تتضمن النافذة مادة مباشرة تخدم سؤالًا أو حدثًا داخل نطاق الحلقة. الإدراج هنا للبحث والتحقق فقط، وليس اعتمادًا للمتن أو الحكم على الرواية.
987509b658270c6f0ad14e22,SRC-TAFSIR-BAGHAWI-ADAM,41,INCLUDE,IN_SCOPE,FORM_AND_SPIRIT,,,DUP-FORM_AND_SPIRIT-009,0.92,DIRECT_EPISODE_RESEARCH_VALUE,,HADITH_GRADING_REQUIRED | FULL_ISNAD_PARSE_AND_CHAIN_RESEARCH,تتضمن النافذة مادة مباشرة تخدم سؤالًا أو حدثًا داخل نطاق الحلقة. الإدراج هنا للبحث والتحقق فقط، وليس اعتمادًا للمتن أو الحكم على الرواية.
7a68488701442b7699c7852e,SRC-TAFSIR-BAGHAWI-ADAM,41,INCLUDE,IN_SCOPE,CREATION_MATERIAL,,,DUP-CREATION_MATERIAL-002,0.92,DIRECT_EPISODE_RESEARCH_VALUE,,HADITH_GRADING_REQUIRED | FULL_ISNAD_PARSE_AND_CHAIN_RESEARCH,تتضمن النافذة مادة مباشرة تخدم سؤالًا أو حدثًا داخل نطاق الحلقة. الإدراج هنا للبحث والتحقق فقط، وليس اعتمادًا للمتن أو الحكم على الرواية.
7aff23c9bf5bb28d9235af49,SRC-TAFSIR-BAGHAWI-ADAM,41,INCLUDE,IN_SCOPE,CREATION_MATERIAL,,,DUP-CREATION_MATERIAL-002,0.92,DIRECT_EPISODE_RESEARCH_VALUE,,HADITH_GRADING_REQUIRED | FULL_ISNAD_PARSE_AND_CHAIN_RESEARCH,تتضمن النافذة مادة مباشرة تخدم سؤالًا أو حدثًا داخل نطاق الحلقة. الإدراج هنا للبحث والتحقق فقط، وليس اعتمادًا للمتن أو الحكم على الرواية.
8bafe210a10d3bff36ad2fa4,SRC-TAFSIR-BAGHAWI-ADAM,41,INCLUDE,IN_SCOPE,CREATION_MATERIAL,,,DUP-CREATION_MATERIAL-002,0.92,DIRECT_EPISODE_RESEARCH_VALUE,,FULL_ISNAD_PARSE_AND_CHAIN_RESEARCH,تتضمن النافذة مادة مباشرة تخدم سؤالًا أو حدثًا داخل نطاق الحلقة. الإدراج هنا للبحث والتحقق فقط، وليس اعتمادًا للمتن أو الحكم على الرواية.
5ef420479660e7a5133edfe5,SRC-TAFSIR-BAGHAWI-ADAM,41,DEFER,LATER_STORY_ARC,EVE,,,,0.96,DEFERRED_TO_POST_DESCENT_ARC,,HADITH_GRADING_REQUIRED | FULL_ISNAD_PARSE_AND_CHAIN_RESEARCH,المادة تتناول ما بعد السكن والنهي أو حياة آدم وذريته في الأرض، فتؤجل إلى الحلقة أو القوس اللاحق.
944cb9f0bbc1da5d0b68a897,SRC-TAFSIR-BAGHAWI-ADAM,41,EXCLUDE,OUT_OF_SCOPE_OR_INCIDENTAL,CREATION_MATERIAL,,,,0.9,INCIDENTAL_OR_DUPLICATE_REFERENCE,,FULL_ISNAD_PARSE_AND_CHAIN_RESEARCH,الذكر عارض أو عام، أو يقع في قصة أخرى/زمن لاحق، أو يكرر معلومة أوضح في نافذة أقرب إلى موضعها الأصلي.
88f17242fc360e8202ed30fa,SRC-TAFSIR-BAGHAWI-ADAM,41,EXCLUDE,OUT_OF_SCOPE_OR_INCIDENTAL,PROSTRATION_AND_IBLIS,,,,0.9,INCIDENTAL_OR_DUPLICATE_REFERENCE,,HADITH_GRADING_REQUIRED | FULL_ISNAD_PARSE_AND_CHAIN_RESEARCH,الذكر عارض أو عام، أو يقع في قصة أخرى/زمن لاحق، أو يكرر معلومة أوضح في نافذة أقرب إلى موضعها الأصلي.
4a99607f0a0ed9cf82a4e9cd,SRC-TAFSIR-BAGHAWI-ADAM,41,INCLUDE,IN_SCOPE,COVENANT,,,DUP-COVENANT-001,0.92,DIRECT_EPISODE_RESEARCH_VALUE,,HADITH_GRADING_REQUIRED | FULL_ISNAD_PARSE_AND_CHAIN_RESEARCH,تتضمن النافذة مادة مباشرة تخدم سؤالًا أو حدثًا داخل نطاق الحلقة. الإدراج هنا للبحث والتحقق فقط، وليس اعتمادًا للمتن أو الحكم على الرواية.
1b2b62e49e7861f35705d179,SRC-TAFSIR-BAGHAWI-ADAM,41,EXCLUDE,OUT_OF_SCOPE_OR_INCIDENTAL,OUT_OF_SCOPE,,,,1.0,AYYUB_STORY_FALSE_POSITIVE,KAB_AL_AHBAR | WAHB_IBN_MUNABBIH,FULL_ISNAD_PARSE_AND_CHAIN_RESEARCH | EARLY_REPORT_OR_ISRAILIYYAT_CLASSIFICATION_REQUIRED,المادة في قصة أيوب، وظهور آدم أو وهب وكعب فيها ناتج عن أسماء رواة أو مقارنات عرضية لا تخدم أحداث الحلقة.
8b9819c1afbac6b299c58aaf,SRC-TAFSIR-BAGHAWI-ADAM,41,EXCLUDE,OUT_OF_SCOPE_OR_INCIDENTAL,PRE_CREATION,,,,0.9,INCIDENTAL_OR_DUPLICATE_REFERENCE,,HADITH_GRADING_REQUIRED | FULL_ISNAD_PARSE_AND_CHAIN_RESEARCH,الذكر عارض أو عام، أو يقع في قصة أخرى/زمن لاحق، أو يكرر معلومة أوضح في نافذة أقرب إلى موضعها الأصلي.
f6d9c9f2445049e058f24a94,SRC-TAFSIR-BAGHAWI-ADAM,41,EXCLUDE,OUT_OF_SCOPE_OR_INCIDENTAL,PRE_CREATION,,,,0.9,INCIDENTAL_OR_DUPLICATE_REFERENCE,,FULL_ISNAD_PARSE_AND_CHAIN_RESEARCH,الذكر عارض أو عام، أو يقع في قصة أخرى/زمن لاحق، أو يكرر معلومة أوضح في نافذة أقرب إلى موضعها الأصلي.
36e6d012c4212ab5ad9b6da1,SRC-TAFSIR-IBN-ABI-HATIM-ADAM,8658,INCLUDE,MIXED,ANNOUNCEMENT,EV-ADAM-010 | EV-ADAM-011 | EV-ADAM-020 | EV-ADAM-021 | EV-ADAM-022 | EV-ADAM-023 | EV-ADAM-024 | EV-ADAM-040 | EV-ADAM-041 | EV-ADAM-042 | EV-ADAM-050 | EV-ADAM-051 | EV-ADAM-052 | EV-ADAM-053 | EV-ADAM-054 | EV-ADAM-055 | EV-ADAM-080 | EV-ADAM-081 | EV-ADAM-082 | EV-ADAM-090 | EV-ADAM-091 | EV-ADAM-099,RQ-ADAM-007 | RQ-ADAM-008 | RQ-ADAM-009 | RQ-ADAM-010 | RQ-ADAM-011 | RQ-ADAM-012 | RQ-ADAM-015 | RQ-ADAM-016 | RQ-ADAM-017 | RQ-ADAM-018 | RQ-ADAM-019 | RQ-ADAM-020 | RQ-ADAM-028 | RQ-ADAM-029 | RQ-ADAM-030 | RQ-ADAM-032,,0.99,BAQARAH_REPORT_CORPUS_FOR_CORE_EVENTS,WAHB_IBN_MUNABBIH,FULL_ISNAD_PARSE_AND_CHAIN_RESEARCH | EARLY_REPORT_OR_ISRAILIYYAT_CLASSIFICATION_REQUIRED | EXACT_PASSAGE_BOUNDARY_REQUIRED,يجمع آثار تفسير آيات الخلافة والأسماء والسجود والسكن والنهي. بسبب كثرة الطرق، يفكك إلى تقارير وأسانيد مستقلة ولا تعد كثرتها تلقائيًا شواهد مستقلة.
30690c525905a898ea4bdd81,SRC-TAFSIR-IBN-ABI-HATIM-ADAM,8658,INCLUDE,MIXED,PARADISE_AND_PROHIBITION,EV-ADAM-080 | EV-ADAM-081 | EV-ADAM-082 | EV-ADAM-090 | EV-ADAM-091 | EV-ADAM-099,RQ-ADAM-028 | RQ-ADAM-029 | RQ-ADAM-030 | RQ-ADAM-032,,0.99,ARAF_PARADISE_WARNING_AND_BOUNDARY,WAHB_IBN_MUNABBIH,FULL_ISNAD_PARSE_AND_CHAIN_RESEARCH | EARLY_REPORT_OR_ISRAILIYYAT_CLASSIFICATION_REQUIRED | EXACT_PASSAGE_BOUNDARY_REQUIRED,مفيد للسكن والتحذير من الشيطان والنهي عن الشجرة، لكنه يمتد إلى كشف السوأة والتوبة والهبوط؛ يقتصر على المادة السابقة للوسوسة.
195af02927347763c7e23adc,SRC-TAFSIR-IBN-ABI-HATIM-ADAM,8658,EXCLUDE,OUT_OF_SCOPE_OR_INCIDENTAL,OUT_OF_SCOPE,,,,1.0,IBRAHIM_KAABA_FALSE_POSITIVE,,FULL_ISNAD_PARSE_AND_CHAIN_RESEARCH,المادة في إبراهيم وبناء البيت، وذكر آدم عارض أو اسم راوٍ؛ لا تخدم أحداث الحلقة.
b68db3ffa1d05aaee32d8e01,SRC-TAFSIR-IBN-ABI-HATIM-ADAM,8658,EXCLUDE,OUT_OF_SCOPE_OR_INCIDENTAL,OUT_OF_SCOPE,,,,1.0,BANI_ISRAEL_FALSE_POSITIVE,,FULL_ISNAD_PARSE_AND_CHAIN_RESEARCH,تفسير آيات بني إسرائيل، وتكرار اسم آدم ناتج غالبًا عن الراوي آدم بن أبي إياس؛ خارج الموضوع.
aac3657c3396a95405ac97ab,SRC-TAFSIR-IBN-ABI-HATIM-ADAM,8658,INCLUDE,IN_SCOPE,CREATION_MATERIAL,,,,0.92,DIRECT_EPISODE_RESEARCH_VALUE,,HADITH_GRADING_REQUIRED | FULL_ISNAD_PARSE_AND_CHAIN_RESEARCH,تتضمن النافذة مادة مباشرة تخدم سؤالًا أو حدثًا داخل نطاق الحلقة. الإدراج هنا للبحث والتحقق فقط، وليس اعتمادًا للمتن أو الحكم على الرواية.
d368f80616cf6599c0096881,SRC-TAFSIR-IBN-ABI-HATIM-ADAM,8658,INCLUDE,IN_SCOPE,CREATION_MATERIAL,,,,0.92,DIRECT_EPISODE_RESEARCH_VALUE,,FULL_ISNAD_PARSE_AND_CHAIN_RESEARCH,تتضمن النافذة مادة مباشرة تخدم سؤالًا أو حدثًا داخل نطاق الحلقة. الإدراج هنا للبحث والتحقق فقط، وليس اعتمادًا للمتن أو الحكم على الرواية.
654e3a6f1897e0ccb4fcee7e,SRC-TAFSIR-IBN-ABI-HATIM-ADAM,8658,INCLUDE,IN_SCOPE,PROSTRATION_AND_IBLIS,EV-ADAM-050 | EV-ADAM-051 | EV-ADAM-052 | EV-ADAM-053 | EV-ADAM-054 | EV-ADAM-055,RQ-ADAM-017 | RQ-ADAM-018 | RQ-ADAM-019 | RQ-ADAM-020,,0.98,ISRA_PROSTRATION_AND_IBLIS_THREAT,,FULL_ISNAD_PARSE_AND_CHAIN_RESEARCH,يضم تفسير أمر السجود وحسد إبليس وتهديده لذرية آدم؛ داخل نطاق السجود وامتناع إبليس.
5c38af7ad19e570771822202,SRC-TAFSIR-IBN-ABI-HATIM-ADAM,8658,INCLUDE,IN_SCOPE,PROSTRATION_AND_IBLIS,,,DUP-PROSTRATION_AND_IBLIS-017,0.92,DIRECT_EPISODE_RESEARCH_VALUE,,FULL_ISNAD_PARSE_AND_CHAIN_RESEARCH,تتضمن النافذة مادة مباشرة تخدم سؤالًا أو حدثًا داخل نطاق الحلقة. الإدراج هنا للبحث والتحقق فقط، وليس اعتمادًا للمتن أو الحكم على الرواية.
253f8f7aa4a315ef9370aade,SRC-TAFSIR-IBN-ABI-HATIM-ADAM,8658,INCLUDE,MIXED,EVE,EV-ADAM-070 | EV-ADAM-071,RQ-ADAM-025 | RQ-ADAM-026 | RQ-ADAM-027,,0.97,ONE_SOUL_AND_MATE_WITH_POST_DESCENT_REPORTS,,FULL_ISNAD_PARSE_AND_CHAIN_RESEARCH | EXACT_PASSAGE_BOUNDARY_REQUIRED,المقطع المفيد هو خلق الناس من نفس واحدة وجعل زوجها منها، وهو مرتبط بخلق زوج آدم. أخبار الحمل وعبد الحارث بعد الهبوط خارج النطاق وتحتاج تصنيفًا مستقلًا.
9211993f3265b68dca7bf569,SRC-TAFSIR-IBN-ABI-HATIM-ADAM,8658,EXCLUDE,OUT_OF_SCOPE_OR_INCIDENTAL,CREATION_MATERIAL,,,,0.9,INCIDENTAL_OR_DUPLICATE_REFERENCE,,FULL_ISNAD_PARSE_AND_CHAIN_RESEARCH,الذكر عارض أو عام، أو يقع في قصة أخرى/زمن لاحق، أو يكرر معلومة أوضح في نافذة أقرب إلى موضعها الأصلي.
0c08e555c7b195f6fd48976a,SRC-TAFSIR-IBN-ABI-HATIM-ADAM,8658,EXCLUDE,OUT_OF_SCOPE_OR_INCIDENTAL,PROSTRATION_AND_IBLIS,,,,0.9,INCIDENTAL_OR_DUPLICATE_REFERENCE,,FULL_ISNAD_PARSE_AND_CHAIN_RESEARCH,الذكر عارض أو عام، أو يقع في قصة أخرى/زمن لاحق، أو يكرر معلومة أوضح في نافذة أقرب إلى موضعها الأصلي.
8360623b76524aacc9944eae,SRC-TAFSIR-IBN-ABI-HATIM-ADAM,8658,EXCLUDE,OUT_OF_SCOPE_OR_INCIDENTAL,OUT_OF_SCOPE,,,,1.0,BANI_ISRAEL_AND_NARRATOR_NAME_FALSE_POSITIVE,WAHB_IBN_MUNABBIH,FULL_ISNAD_PARSE_AND_CHAIN_RESEARCH | EARLY_REPORT_OR_ISRAILIYYAT_CLASSIFICATION_REQUIRED,المادة في بني إسرائيل وأحكامهم؛ لفظ آدم اسم راوٍ أو خطاب عام لبني آدم، وليست من قصة آدم.
01586af221aa5f58f23b4b89,SRC-TAFSIR-IBN-ABI-HATIM-ADAM,8658,INCLUDE,MIXED,TEACHING_NAMES,,,,0.92,DIRECT_EPISODE_RESEARCH_VALUE,,EXACT_PASSAGE_BOUNDARY_REQUIRED,تتضمن النافذة مادة مباشرة تخدم سؤالًا أو حدثًا داخل نطاق الحلقة. الإدراج هنا للبحث والتحقق فقط، وليس اعتمادًا للمتن أو الحكم على الرواية. يجب فصل الفقرة الداخلة في النطاق عن المادة اللاحقة.
b998c1741b602f5e6ab7c25e,SRC-TAFSIR-IBN-ABI-HATIM-ADAM,8658,INCLUDE,IN_SCOPE,FORM_AND_SPIRIT,,,,0.92,DIRECT_EPISODE_RESEARCH_VALUE,,FULL_ISNAD_PARSE_AND_CHAIN_RESEARCH,تتضمن النافذة مادة مباشرة تخدم سؤالًا أو حدثًا داخل نطاق الحلقة. الإدراج هنا للبحث والتحقق فقط، وليس اعتمادًا للمتن أو الحكم على الرواية.
b40c562d3415e312c9f7a4c7,SRC-TAFSIR-IBN-ABI-HATIM-ADAM,8658,INCLUDE,IN_SCOPE,COVENANT,,,DUP-COVENANT-001,0.92,DIRECT_EPISODE_RESEARCH_VALUE,,HADITH_GRADING_REQUIRED | FULL_ISNAD_PARSE_AND_CHAIN_RESEARCH,تتضمن النافذة مادة مباشرة تخدم سؤالًا أو حدثًا داخل نطاق الحلقة. الإدراج هنا للبحث والتحقق فقط، وليس اعتمادًا للمتن أو الحكم على الرواية.
ba50ff734ac7f1afa95ce2a4,SRC-TAFSIR-IBN-ABI-HATIM-ADAM,8658,INCLUDE,IN_SCOPE,CREATION_MATERIAL,,,,0.92,DIRECT_EPISODE_RESEARCH_VALUE,,FULL_ISNAD_PARSE_AND_CHAIN_RESEARCH,تتضمن النافذة مادة مباشرة تخدم سؤالًا أو حدثًا داخل نطاق الحلقة. الإدراج هنا للبحث والتحقق فقط، وليس اعتمادًا للمتن أو الحكم على الرواية.
baef7d8161e82647c4f67da2,SRC-TAFSIR-IBN-ABI-HATIM-ADAM,8658,INCLUDE,IN_SCOPE,PROSTRATION_AND_IBLIS,,,DUP-PROSTRATION_AND_IBLIS-017,0.92,DIRECT_EPISODE_RESEARCH_VALUE,,FULL_ISNAD_PARSE_AND_CHAIN_RESEARCH,تتضمن النافذة مادة مباشرة تخدم سؤالًا أو حدثًا داخل نطاق الحلقة. الإدراج هنا للبحث والتحقق فقط، وليس اعتمادًا للمتن أو الحكم على الرواية.
ddd475af52208935aefc02a8,SRC-TAFSIR-IBN-ABI-HATIM-ADAM,8658,EXCLUDE,OUT_OF_SCOPE_OR_INCIDENTAL,OUT_OF_SCOPE,,,,1.0,NARRATOR_ADAM_FALSE_POSITIVE,,FULL_ISNAD_PARSE_AND_CHAIN_RESEARCH,المواضع في أوائل البقرة، ولفظ آدم يعود إلى الراوي آدم بن أبي إياس أو خطاب عام؛ لا توجد مادة في أحداث الحلقة.
2d788a922721242d7c99035f,SRC-TAFSIR-IBN-ABI-HATIM-ADAM,8658,INCLUDE,MIXED,PARADISE_AND_PROHIBITION,,,,0.92,DIRECT_EPISODE_RESEARCH_VALUE,,FULL_ISNAD_PARSE_AND_CHAIN_RESEARCH | EXACT_PASSAGE_BOUNDARY_REQUIRED,تتضمن النافذة مادة مباشرة تخدم سؤالًا أو حدثًا داخل نطاق الحلقة. الإدراج هنا للبحث والتحقق فقط، وليس اعتمادًا للمتن أو الحكم على الرواية. يجب فصل الفقرة الداخلة في النطاق عن المادة اللاحقة.
404b0fc80d53c49fa2345e97,SRC-TAFSIR-IBN-ABI-HATIM-ADAM,8658,INCLUDE,IN_SCOPE,PRE_CREATION,,,,0.92,DIRECT_EPISODE_RESEARCH_VALUE,,HADITH_GRADING_REQUIRED | FULL_ISNAD_PARSE_AND_CHAIN_RESEARCH,تتضمن النافذة مادة مباشرة تخدم سؤالًا أو حدثًا داخل نطاق الحلقة. الإدراج هنا للبحث والتحقق فقط، وليس اعتمادًا للمتن أو الحكم على الرواية.
4758e5ff4159f946e60c45a2,SRC-TAFSIR-IBN-KATHIR-ADAM,1503,INCLUDE,MIXED,ANNOUNCEMENT,EV-ADAM-010 | EV-ADAM-011 | EV-ADAM-020 | EV-ADAM-021 | EV-ADAM-022 | EV-ADAM-023 | EV-ADAM-024 | EV-ADAM-030 | EV-ADAM-031 | EV-ADAM-032 | EV-ADAM-033 | EV-ADAM-040 | EV-ADAM-041 | EV-ADAM-042 | EV-ADAM-050 | EV-ADAM-051 | EV-ADAM-052 | EV-ADAM-053 | EV-ADAM-054 | EV-ADAM-055 | EV-ADAM-070 | EV-ADAM-071 | EV-ADAM-080 | EV-ADAM-081 | EV-ADAM-082 | EV-ADAM-090 | EV-ADAM-091 | EV-ADAM-099,RQ-ADAM-007 | RQ-ADAM-008 | RQ-ADAM-009 | RQ-ADAM-010 | RQ-ADAM-011 | RQ-ADAM-012 | RQ-ADAM-013 | RQ-ADAM-014 | RQ-ADAM-015 | RQ-ADAM-016 | RQ-ADAM-017 | RQ-ADAM-018 | RQ-ADAM-019 | RQ-ADAM-020 | RQ-ADAM-025 | RQ-ADAM-026 | RQ-ADAM-027 | RQ-ADAM-028 | RQ-ADAM-029 | RQ-ADAM-030 | RQ-ADAM-032,,0.99,CENTRAL_IBN_KATHIR_ADAM_EXPOSITION,KAB_AL_AHBAR,HADITH_GRADING_REQUIRED | FULL_ISNAD_PARSE_AND_CHAIN_RESEARCH | EARLY_REPORT_OR_ISRAILIYYAT_CLASSIFICATION_REQUIRED | EXACT_PASSAGE_BOUNDARY_REQUIRED,عرض مركزي جامع لأقوال المفسرين في خلق آدم والأسماء والسجود والسكن، مع تمييز المؤلف بين الحديث والإسرائيليات في مواضع. يمتد إلى الوسوسة والهبوط، فيفصل ما قبلها.
d432b6fd83e9ac644e5b96d8,SRC-TAFSIR-IBN-KATHIR-ADAM,1503,INCLUDE,IN_SCOPE,PRE_CREATION_AND_JINN,EV-ADAM-001 | EV-ADAM-002 | EV-ADAM-003 | EV-ADAM-004 | EV-ADAM-005 | EV-ADAM-006 | EV-ADAM-007 | EV-ADAM-020 | EV-ADAM-021 | EV-ADAM-022 | EV-ADAM-023 | EV-ADAM-024 | EV-ADAM-050 | EV-ADAM-051 | EV-ADAM-052 | EV-ADAM-053 | EV-ADAM-054 | EV-ADAM-055,RQ-ADAM-001 | RQ-ADAM-002 | RQ-ADAM-003 | RQ-ADAM-004 | RQ-ADAM-005 | RQ-ADAM-006 | RQ-ADAM-020 | RQ-ADAM-009 | RQ-ADAM-010 | RQ-ADAM-011 | RQ-ADAM-012 | RQ-ADAM-017 | RQ-ADAM-018 | RQ-ADAM-019,,0.99,HIJR_CLAY_JINN_AND_IBLIS_PASSAGE,,HADITH_GRADING_REQUIRED | FULL_ISNAD_PARSE_AND_CHAIN_RESEARCH,تفسير مباشر للصلصال والحمأ وخلق الجان قبل الإنسان ثم امتناع إبليس عن السجود؛ داخل أسئلة مادة الخلق والجن وإبليس.
a6a710910d8fe66122a3864c,SRC-TAFSIR-IBN-KATHIR-ADAM,1503,INCLUDE,IN_SCOPE,CREATION_MATERIAL,,,DUP-CREATION_MATERIAL-003,0.92,DIRECT_EPISODE_RESEARCH_VALUE,,HADITH_GRADING_REQUIRED | FULL_ISNAD_PARSE_AND_CHAIN_RESEARCH,تتضمن النافذة مادة مباشرة تخدم سؤالًا أو حدثًا داخل نطاق الحلقة. الإدراج هنا للبحث والتحقق فقط، وليس اعتمادًا للمتن أو الحكم على الرواية.
1058089e94ef260fb04c5632,SRC-TAFSIR-IBN-KATHIR-ADAM,1503,INCLUDE,IN_SCOPE,PROSTRATION_AND_IBLIS,,,DUP-PROSTRATION_AND_IBLIS-018,0.92,DIRECT_EPISODE_RESEARCH_VALUE,,HADITH_GRADING_REQUIRED | FULL_ISNAD_PARSE_AND_CHAIN_RESEARCH,تتضمن النافذة مادة مباشرة تخدم سؤالًا أو حدثًا داخل نطاق الحلقة. الإدراج هنا للبحث والتحقق فقط، وليس اعتمادًا للمتن أو الحكم على الرواية.
9193c585020feb93d8cb1eaa,SRC-TAFSIR-IBN-KATHIR-ADAM,1503,INCLUDE,IN_SCOPE,CREATION_MATERIAL,,,DUP-CREATION_MATERIAL-003,0.92,DIRECT_EPISODE_RESEARCH_VALUE,,HADITH_GRADING_REQUIRED | FULL_ISNAD_PARSE_AND_CHAIN_RESEARCH,تتضمن النافذة مادة مباشرة تخدم سؤالًا أو حدثًا داخل نطاق الحلقة. الإدراج هنا للبحث والتحقق فقط، وليس اعتمادًا للمتن أو الحكم على الرواية.
dcead972f2e21e22cc8909a7,SRC-TAFSIR-IBN-KATHIR-ADAM,1503,EXCLUDE,OUT_OF_SCOPE_OR_INCIDENTAL,OUT_OF_SCOPE,,,,0.99,ISA_COMPARISON_CONTEXT,,HADITH_GRADING_REQUIRED | FULL_ISNAD_PARSE_AND_CHAIN_RESEARCH,السياق في عيسى ووفد نجران، وذكر خلق آدم من تراب مثال عقدي عارض تتوافر له مواضع مباشرة أوضح.
3da1517fc571baa7411840cc,SRC-TAFSIR-IBN-KATHIR-ADAM,1503,INCLUDE,IN_SCOPE,PROSTRATION_AND_IBLIS,,,DUP-PROSTRATION_AND_IBLIS-018,0.92,DIRECT_EPISODE_RESEARCH_VALUE,,HADITH_GRADING_REQUIRED | FULL_ISNAD_PARSE_AND_CHAIN_RESEARCH,تتضمن النافذة مادة مباشرة تخدم سؤالًا أو حدثًا داخل نطاق الحلقة. الإدراج هنا للبحث والتحقق فقط، وليس اعتمادًا للمتن أو الحكم على الرواية.
130661e6a76cee4f1512a2c9,SRC-TAFSIR-IBN-KATHIR-ADAM,1503,INCLUDE,IN_SCOPE,PRE_CREATION,,,DUP-PRE_CREATION-014,0.92,DIRECT_EPISODE_RESEARCH_VALUE,KAB_AL_AHBAR,HADITH_GRADING_REQUIRED | FULL_ISNAD_PARSE_AND_CHAIN_RESEARCH | ISRAILIYYAT_OR_EARLY_REPORT_CLASSIFICATION_REQUIRED,تتضمن النافذة مادة مباشرة تخدم سؤالًا أو حدثًا داخل نطاق الحلقة. الإدراج هنا للبحث والتحقق فقط، وليس اعتمادًا للمتن أو الحكم على الرواية.
b313038792106649e50247ee,SRC-TAFSIR-IBN-KATHIR-ADAM,1503,EXCLUDE,OUT_OF_SCOPE_OR_INCIDENTAL,OUT_OF_SCOPE,,,,0.97,PROPHET_COUNT_REPORT_LOW_PRIORITY_DUPLICATE,,HADITH_GRADING_REQUIRED | FULL_ISNAD_PARSE_AND_CHAIN_RESEARCH,السياق في تعداد الأنبياء وحديث أبي ذر، وتفاصيل آدم فيه هامشية ومتكررة وفي الطريق كلام؛ لا يضيف مادة لازمة لأحداث الحلقة.
4ee41dd27c2360b4b36541f1,SRC-TAFSIR-IBN-KATHIR-ADAM,1503,INCLUDE,IN_SCOPE,PRE_CREATION,,,DUP-PRE_CREATION-014,0.92,DIRECT_EPISODE_RESEARCH_VALUE,,HADITH_GRADING_REQUIRED | FULL_ISNAD_PARSE_AND_CHAIN_RESEARCH,تتضمن النافذة مادة مباشرة تخدم سؤالًا أو حدثًا داخل نطاق الحلقة. الإدراج هنا للبحث والتحقق فقط، وليس اعتمادًا للمتن أو الحكم على الرواية.
e1527187ffa73e11aba3abf9,SRC-TAFSIR-IBN-KATHIR-ADAM,1503,INCLUDE,MIXED,EVE,,,,0.92,DIRECT_EPISODE_RESEARCH_VALUE,WAHB_IBN_MUNABBIH,HADITH_GRADING_REQUIRED | FULL_ISNAD_PARSE_AND_CHAIN_RESEARCH | ISRAILIYYAT_OR_EARLY_REPORT_CLASSIFICATION_REQUIRED | EXACT_PASSAGE_BOUNDARY_REQUIRED,تتضمن النافذة مادة مباشرة تخدم سؤالًا أو حدثًا داخل نطاق الحلقة. الإدراج هنا للبحث والتحقق فقط، وليس اعتمادًا للمتن أو الحكم على الرواية. يجب فصل الفقرة الداخلة في النطاق عن المادة اللاحقة.
06c005d586b9c9794f75a3f3,SRC-TAFSIR-IBN-KATHIR-ADAM,1503,INCLUDE,IN_SCOPE,CREATION_MATERIAL,,,DUP-CREATION_MATERIAL-003,0.92,DIRECT_EPISODE_RESEARCH_VALUE,,HADITH_GRADING_REQUIRED | FULL_ISNAD_PARSE_AND_CHAIN_RESEARCH,تتضمن النافذة مادة مباشرة تخدم سؤالًا أو حدثًا داخل نطاق الحلقة. الإدراج هنا للبحث والتحقق فقط، وليس اعتمادًا للمتن أو الحكم على الرواية.
23c2d9956626a300c0f945b2,SRC-TAFSIR-IBN-KATHIR-ADAM,1503,EXCLUDE,OUT_OF_SCOPE_OR_INCIDENTAL,OUT_OF_SCOPE,,,,1.0,RESURRECTION_AND_PROGENY_CONTEXT,,HADITH_GRADING_REQUIRED | FULL_ISNAD_PARSE_AND_CHAIN_RESEARCH,المادة في بعث النار ويوم القيامة وعموم ذرية آدم، وليست في خلقه وتكريمه وسكنه الجنة.
61d2bec64e93ae06f3ce7bef,SRC-TAFSIR-IBN-KATHIR-ADAM,1503,INCLUDE,MIXED,LIFE_AND_FORM,EV-ADAM-030 | EV-ADAM-031 | EV-ADAM-032 | EV-ADAM-033,RQ-ADAM-013 | RQ-ADAM-014,,0.99,SIXTY_CUBITS_HADITH_WITH_ISRAILIYYAT_REFUTATION,,HADITH_GRADING_REQUIRED | FULL_ISNAD_PARSE_AND_CHAIN_RESEARCH | EXACT_PASSAGE_BOUNDARY_REQUIRED,الموضع يورد الحديث الصحيح في طول آدم ستين ذراعًا لتفنيد أخبار أطوال العماليق الإسرائيلية؛ يؤخذ الحديث ووجه الاستدلال فقط، ويترك سياق الجبارين.
ecf14a977ef20533f83c0731,SRC-TAFSIR-IBN-KATHIR-ADAM,1503,INCLUDE,IN_SCOPE,FORM_AND_SPIRIT,,,,0.92,DIRECT_EPISODE_RESEARCH_VALUE,,HADITH_GRADING_REQUIRED | FULL_ISNAD_PARSE_AND_CHAIN_RESEARCH,تتضمن النافذة مادة مباشرة تخدم سؤالًا أو حدثًا داخل نطاق الحلقة. الإدراج هنا للبحث والتحقق فقط، وليس اعتمادًا للمتن أو الحكم على الرواية.
700f779dc6e3846ad86afede,SRC-TAFSIR-IBN-KATHIR-ADAM,1503,EXCLUDE,OUT_OF_SCOPE_OR_INCIDENTAL,CREATION_MATERIAL,,,,0.9,INCIDENTAL_OR_DUPLICATE_REFERENCE,,FULL_ISNAD_PARSE_AND_CHAIN_RESEARCH,الذكر عارض أو عام، أو يقع في قصة أخرى/زمن لاحق، أو يكرر معلومة أوضح في نافذة أقرب إلى موضعها الأصلي.
4aab5b845f55f22e5730aa48,SRC-TAFSIR-SAADI-ADAM,42,INCLUDE,MIXED,TEACHING_NAMES,,,,0.92,DIRECT_EPISODE_RESEARCH_VALUE,,FULL_ISNAD_PARSE_AND_CHAIN_RESEARCH | EXACT_PASSAGE_BOUNDARY_REQUIRED,تتضمن النافذة مادة مباشرة تخدم سؤالًا أو حدثًا داخل نطاق الحلقة. الإدراج هنا للبحث والتحقق فقط، وليس اعتمادًا للمتن أو الحكم على الرواية. يجب فصل الفقرة الداخلة في النطاق عن المادة اللاحقة.
e11186389f240df99ded06c9,SRC-TAFSIR-SAADI-ADAM,42,INCLUDE,MIXED,PROSTRATION_AND_IBLIS,EV-ADAM-050 | EV-ADAM-051 | EV-ADAM-052 | EV-ADAM-053 | EV-ADAM-054 | EV-ADAM-055 | EV-ADAM-080 | EV-ADAM-081 | EV-ADAM-082 | EV-ADAM-090 | EV-ADAM-091 | EV-ADAM-099,RQ-ADAM-017 | RQ-ADAM-018 | RQ-ADAM-019 | RQ-ADAM-020 | RQ-ADAM-028 | RQ-ADAM-029 | RQ-ADAM-030 | RQ-ADAM-032,,0.99,ARAF_PROSTRATION_RESIDENCE_AND_PROHIBITION,,FULL_ISNAD_PARSE_AND_CHAIN_RESEARCH | EXACT_PASSAGE_BOUNDARY_REQUIRED,يشرح السجود وامتناع إبليس ثم إسكان آدم وزوجه والنهي عن الشجرة. النص نفسه يواصل الوسوسة والتوبة؛ تقطع المادة عند النهي والتحذير.
af172952b4ca05bf576f56b9,SRC-TAFSIR-SAADI-ADAM,42,INCLUDE,IN_SCOPE,CREATION_MATERIAL,,,DUP-CREATION_MATERIAL-002,0.92,DIRECT_EPISODE_RESEARCH_VALUE,,FULL_ISNAD_PARSE_AND_CHAIN_RESEARCH,تتضمن النافذة مادة مباشرة تخدم سؤالًا أو حدثًا داخل نطاق الحلقة. الإدراج هنا للبحث والتحقق فقط، وليس اعتمادًا للمتن أو الحكم على الرواية.
f571093401615ab0f45d9ae5,SRC-TAFSIR-SAADI-ADAM,42,INCLUDE,IN_SCOPE,CREATION_MATERIAL,,,DUP-CREATION_MATERIAL-004,0.92,DIRECT_EPISODE_RESEARCH_VALUE,,FULL_ISNAD_PARSE_AND_CHAIN_RESEARCH,تتضمن النافذة مادة مباشرة تخدم سؤالًا أو حدثًا داخل نطاق الحلقة. الإدراج هنا للبحث والتحقق فقط، وليس اعتمادًا للمتن أو الحكم على الرواية.
ecbd97a719a3b56aea7d3f94,SRC-TAFSIR-SAADI-ADAM,42,INCLUDE,IN_SCOPE,PROSTRATION_AND_IBLIS,,,DUP-PROSTRATION_AND_IBLIS-019,0.92,DIRECT_EPISODE_RESEARCH_VALUE,,FULL_ISNAD_PARSE_AND_CHAIN_RESEARCH,تتضمن النافذة مادة مباشرة تخدم سؤالًا أو حدثًا داخل نطاق الحلقة. الإدراج هنا للبحث والتحقق فقط، وليس اعتمادًا للمتن أو الحكم على الرواية.
a15644471b665c0740787f32,SRC-TAFSIR-SAADI-ADAM,42,INCLUDE,IN_SCOPE,PRE_CREATION,,,DUP-PRE_CREATION-013,0.92,DIRECT_EPISODE_RESEARCH_VALUE,,FULL_ISNAD_PARSE_AND_CHAIN_RESEARCH,تتضمن النافذة مادة مباشرة تخدم سؤالًا أو حدثًا داخل نطاق الحلقة. الإدراج هنا للبحث والتحقق فقط، وليس اعتمادًا للمتن أو الحكم على الرواية.
9c62f266f8d57301885902a2,SRC-TAFSIR-SAADI-ADAM,42,INCLUDE,IN_SCOPE,CREATION_MATERIAL,,,DUP-CREATION_MATERIAL-005,0.92,DIRECT_EPISODE_RESEARCH_VALUE,,HADITH_GRADING_REQUIRED | FULL_ISNAD_PARSE_AND_CHAIN_RESEARCH,تتضمن النافذة مادة مباشرة تخدم سؤالًا أو حدثًا داخل نطاق الحلقة. الإدراج هنا للبحث والتحقق فقط، وليس اعتمادًا للمتن أو الحكم على الرواية.
2a116191848963b5cffa8404,SRC-TAFSIR-SAADI-ADAM,42,INCLUDE,MIXED,PROSTRATION_AND_IBLIS,,,DUP-PROSTRATION_AND_IBLIS-019,0.92,DIRECT_EPISODE_RESEARCH_VALUE,,FULL_ISNAD_PARSE_AND_CHAIN_RESEARCH | EXACT_PASSAGE_BOUNDARY_REQUIRED,تتضمن النافذة مادة مباشرة تخدم سؤالًا أو حدثًا داخل نطاق الحلقة. الإدراج هنا للبحث والتحقق فقط، وليس اعتمادًا للمتن أو الحكم على الرواية. يجب فصل الفقرة الداخلة في النطاق عن المادة اللاحقة.
33b911d86e1972364e5b6db8,SRC-TAFSIR-SAADI-ADAM,42,INCLUDE,IN_SCOPE,CREATION_MATERIAL,,,DUP-CREATION_MATERIAL-006,0.92,DIRECT_EPISODE_RESEARCH_VALUE,,FULL_ISNAD_PARSE_AND_CHAIN_RESEARCH,تتضمن النافذة مادة مباشرة تخدم سؤالًا أو حدثًا داخل نطاق الحلقة. الإدراج هنا للبحث والتحقق فقط، وليس اعتمادًا للمتن أو الحكم على الرواية.
f70caa35d20d2b796306d344,SRC-TAFSIR-SAADI-ADAM,42,INCLUDE,IN_SCOPE,CREATION_MATERIAL,,,DUP-CREATION_MATERIAL-007,0.92,DIRECT_EPISODE_RESEARCH_VALUE,,FULL_ISNAD_PARSE_AND_CHAIN_RESEARCH,تتضمن النافذة مادة مباشرة تخدم سؤالًا أو حدثًا داخل نطاق الحلقة. الإدراج هنا للبحث والتحقق فقط، وليس اعتمادًا للمتن أو الحكم على الرواية.
4f3dbe583ef950f584b689f2,SRC-TAFSIR-SAADI-ADAM,42,EXCLUDE,OUT_OF_SCOPE_OR_INCIDENTAL,HONOUR_AND_STATUS,,,,0.9,INCIDENTAL_OR_DUPLICATE_REFERENCE,,FULL_ISNAD_PARSE_AND_CHAIN_RESEARCH,الذكر عارض أو عام، أو يقع في قصة أخرى/زمن لاحق، أو يكرر معلومة أوضح في نافذة أقرب إلى موضعها الأصلي.
9aaecf97d3aa8e3d7e3af4ff,SRC-TAFSIR-SAADI-ADAM,42,EXCLUDE,OUT_OF_SCOPE_OR_INCIDENTAL,OUT_OF_SCOPE,,,,0.99,ISA_AND_LINEAGE_CONTEXT,,HADITH_GRADING_REQUIRED | FULL_ISNAD_PARSE_AND_CHAIN_RESEARCH,السياق في آل عمران ومريم وعيسى، وذكر آدم للمقارنة أو ضمن الاصطفاء العام؛ ليس نافذة بحثية لازمة للقصة.
c2b5847f70287b870b810f8a,SRC-TAFSIR-SAADI-ADAM,42,INCLUDE,IN_SCOPE,PROSTRATION_AND_IBLIS,,,DUP-PROSTRATION_AND_IBLIS-019,0.92,DIRECT_EPISODE_RESEARCH_VALUE,,FULL_ISNAD_PARSE_AND_CHAIN_RESEARCH,تتضمن النافذة مادة مباشرة تخدم سؤالًا أو حدثًا داخل نطاق الحلقة. الإدراج هنا للبحث والتحقق فقط، وليس اعتمادًا للمتن أو الحكم على الرواية.
0d19d37234a09faa2c1cfb9e,SRC-TAFSIR-SAADI-ADAM,42,INCLUDE,IN_SCOPE,CREATION_MATERIAL,,,DUP-CREATION_MATERIAL-007,0.92,DIRECT_EPISODE_RESEARCH_VALUE,,FULL_ISNAD_PARSE_AND_CHAIN_RESEARCH,تتضمن النافذة مادة مباشرة تخدم سؤالًا أو حدثًا داخل نطاق الحلقة. الإدراج هنا للبحث والتحقق فقط، وليس اعتمادًا للمتن أو الحكم على الرواية.
06d7dbc2823c4d9f90c3c3da,SRC-TAFSIR-SAADI-ADAM,42,INCLUDE,IN_SCOPE,PRE_CREATION,,,DUP-PRE_CREATION-015,0.92,DIRECT_EPISODE_RESEARCH_VALUE,,FULL_ISNAD_PARSE_AND_CHAIN_RESEARCH,تتضمن النافذة مادة مباشرة تخدم سؤالًا أو حدثًا داخل نطاق الحلقة. الإدراج هنا للبحث والتحقق فقط، وليس اعتمادًا للمتن أو الحكم على الرواية.
8392b5dcd8e68b41a83afdbd,SRC-TAFSIR-SAADI-ADAM,42,EXCLUDE,OUT_OF_SCOPE_OR_INCIDENTAL,PRE_CREATION,,,,0.9,INCIDENTAL_OR_DUPLICATE_REFERENCE,,FULL_ISNAD_PARSE_AND_CHAIN_RESEARCH,الذكر عارض أو عام، أو يقع في قصة أخرى/زمن لاحق، أو يكرر معلومة أوضح في نافذة أقرب إلى موضعها الأصلي.
100baddef8c6cd3ae157e670,SRC-TAFSIR-SAADI-ADAM,42,EXCLUDE,OUT_OF_SCOPE_OR_INCIDENTAL,ANNOUNCEMENT,,,,0.9,INCIDENTAL_OR_DUPLICATE_REFERENCE,,FULL_ISNAD_PARSE_AND_CHAIN_RESEARCH,الذكر عارض أو عام، أو يقع في قصة أخرى/زمن لاحق، أو يكرر معلومة أوضح في نافذة أقرب إلى موضعها الأصلي.
8d6e9d2d95fd7810314a385b,SRC-TAFSIR-SAADI-ADAM,42,EXCLUDE,OUT_OF_SCOPE_OR_INCIDENTAL,ANNOUNCEMENT,,,,0.9,INCIDENTAL_OR_DUPLICATE_REFERENCE,,FULL_ISNAD_PARSE_AND_CHAIN_RESEARCH,الذكر عارض أو عام، أو يقع في قصة أخرى/زمن لاحق، أو يكرر معلومة أوضح في نافذة أقرب إلى موضعها الأصلي.
8baea2268d816ae277c76a1a,SRC-TAFSIR-SAADI-ADAM,42,EXCLUDE,OUT_OF_SCOPE_OR_INCIDENTAL,ANNOUNCEMENT,,,,0.9,INCIDENTAL_OR_DUPLICATE_REFERENCE,,FULL_ISNAD_PARSE_AND_CHAIN_RESEARCH,الذكر عارض أو عام، أو يقع في قصة أخرى/زمن لاحق، أو يكرر معلومة أوضح في نافذة أقرب إلى موضعها الأصلي.
35159cc0f8459350839b971d,SRC-TAFSIR-SAADI-ADAM,42,INCLUDE,IN_SCOPE,PRE_CREATION,,,DUP-PRE_CREATION-016,0.92,DIRECT_EPISODE_RESEARCH_VALUE,,FULL_ISNAD_PARSE_AND_CHAIN_RESEARCH,تتضمن النافذة مادة مباشرة تخدم سؤالًا أو حدثًا داخل نطاق الحلقة. الإدراج هنا للبحث والتحقق فقط، وليس اعتمادًا للمتن أو الحكم على الرواية.
bfd13e0bc3eb04a20399c05d,SRC-TAFSIR-SAADI-ADAM,42,INCLUDE,IN_SCOPE,CREATION_MATERIAL,,,DUP-CREATION_MATERIAL-004,0.92,DIRECT_EPISODE_RESEARCH_VALUE,,FULL_ISNAD_PARSE_AND_CHAIN_RESEARCH,تتضمن النافذة مادة مباشرة تخدم سؤالًا أو حدثًا داخل نطاق الحلقة. الإدراج هنا للبحث والتحقق فقط، وليس اعتمادًا للمتن أو الحكم على الرواية.
d659f34fda132c24b836fcf8,SRC-TAFSIR-SAADI-ADAM,42,EXCLUDE,OUT_OF_SCOPE_OR_INCIDENTAL,HONOUR_AND_STATUS,,,,0.9,INCIDENTAL_OR_DUPLICATE_REFERENCE,,FULL_ISNAD_PARSE_AND_CHAIN_RESEARCH,الذكر عارض أو عام، أو يقع في قصة أخرى/زمن لاحق، أو يكرر معلومة أوضح في نافذة أقرب إلى موضعها الأصلي.
022de346bb33032359d9f521,SRC-TAFSIR-SAADI-ADAM,42,INCLUDE,IN_SCOPE,PRE_CREATION,,,DUP-PRE_CREATION-016,0.92,DIRECT_EPISODE_RESEARCH_VALUE,,FULL_ISNAD_PARSE_AND_CHAIN_RESEARCH,تتضمن النافذة مادة مباشرة تخدم سؤالًا أو حدثًا داخل نطاق الحلقة. الإدراج هنا للبحث والتحقق فقط، وليس اعتمادًا للمتن أو الحكم على الرواية.
1b3694394cb6da667c6ed0bc,SRC-TAFSIR-SAADI-ADAM,42,INCLUDE,IN_SCOPE,CREATION_MATERIAL,,,DUP-CREATION_MATERIAL-007,0.92,DIRECT_EPISODE_RESEARCH_VALUE,,FULL_ISNAD_PARSE_AND_CHAIN_RESEARCH,تتضمن النافذة مادة مباشرة تخدم سؤالًا أو حدثًا داخل نطاق الحلقة. الإدراج هنا للبحث والتحقق فقط، وليس اعتمادًا للمتن أو الحكم على الرواية.
26d34b7d8916c2b06131d714,SRC-TAFSIR-SAADI-ADAM,42,INCLUDE,IN_SCOPE,PROSTRATION_AND_IBLIS,,,DUP-PROSTRATION_AND_IBLIS-019,0.92,DIRECT_EPISODE_RESEARCH_VALUE,,FULL_ISNAD_PARSE_AND_CHAIN_RESEARCH,تتضمن النافذة مادة مباشرة تخدم سؤالًا أو حدثًا داخل نطاق الحلقة. الإدراج هنا للبحث والتحقق فقط، وليس اعتمادًا للمتن أو الحكم على الرواية.
e79ba6c7213ac769414c6cd0,SRC-TAFSIR-SAADI-ADAM,42,EXCLUDE,OUT_OF_SCOPE_OR_INCIDENTAL,EVE,,,,0.9,INCIDENTAL_OR_DUPLICATE_REFERENCE,,FULL_ISNAD_PARSE_AND_CHAIN_RESEARCH,الذكر عارض أو عام، أو يقع في قصة أخرى/زمن لاحق، أو يكرر معلومة أوضح في نافذة أقرب إلى موضعها الأصلي.
a389f97a0983e26604800a24,SRC-TAFSIR-SAADI-ADAM,42,EXCLUDE,OUT_OF_SCOPE_OR_INCIDENTAL,GENERAL_ADAM_REFERENCE,,,,0.9,INCIDENTAL_OR_DUPLICATE_REFERENCE,,FULL_ISNAD_PARSE_AND_CHAIN_RESEARCH,الذكر عارض أو عام، أو يقع في قصة أخرى/زمن لاحق، أو يكرر معلومة أوضح في نافذة أقرب إلى موضعها الأصلي.
c8dd1ab86b1d174f6e88169e,SRC-TAFSIR-TABARI-ADAM,7798,INCLUDE,MIXED,ANNOUNCEMENT,EV-ADAM-010 | EV-ADAM-011 | EV-ADAM-020 | EV-ADAM-021 | EV-ADAM-022 | EV-ADAM-023 | EV-ADAM-024 | EV-ADAM-030 | EV-ADAM-031 | EV-ADAM-032 | EV-ADAM-033 | EV-ADAM-040 | EV-ADAM-041 | EV-ADAM-042 | EV-ADAM-050 | EV-ADAM-051 | EV-ADAM-052 | EV-ADAM-053 | EV-ADAM-054 | EV-ADAM-055,RQ-ADAM-007 | RQ-ADAM-008 | RQ-ADAM-009 | RQ-ADAM-010 | RQ-ADAM-011 | RQ-ADAM-012 | RQ-ADAM-013 | RQ-ADAM-014 | RQ-ADAM-015 | RQ-ADAM-016 | RQ-ADAM-017 | RQ-ADAM-018 | RQ-ADAM-019 | RQ-ADAM-020,,0.99,PRIMARY_TABARI_BAQARAH_CORE_REPORTS,,FULL_ISNAD_PARSE_AND_CHAIN_RESEARCH | EXACT_PASSAGE_BOUNDARY_REQUIRED,من أهم نوافذ تفسير الخلافة وسؤال الملائكة وخلق آدم ونفخ الروح والأسماء والسجود. تحتوي طرقًا متعددة ومتونًا طويلة؛ تفكك كل رواية بسندها، ولا تعد كثرة السياقات تصحيحًا.
7822417dacbe32c4c34b524e,SRC-TAFSIR-TABARI-ADAM,7798,INCLUDE,IN_SCOPE,CREATION,EV-ADAM-020 | EV-ADAM-021 | EV-ADAM-022 | EV-ADAM-023 | EV-ADAM-024 | EV-ADAM-040 | EV-ADAM-041 | EV-ADAM-042,RQ-ADAM-009 | RQ-ADAM-010 | RQ-ADAM-011 | RQ-ADAM-012 | RQ-ADAM-015 | RQ-ADAM-016,,0.99,ADAM_NAME_EARTH_MATERIAL_AND_NAMES,,FULL_ISNAD_PARSE_AND_CHAIN_RESEARCH,مفيد لمعنى اسم آدم وصلته بأديم الأرض، وحديث القبضة، ثم تفسير الأسماء كلها وعرضها على الملائكة.
97719d941058649117cccb9b,SRC-TAFSIR-TABARI-ADAM,7798,INCLUDE,MIXED,KNOWLEDGE,EV-ADAM-040 | EV-ADAM-041 | EV-ADAM-042 | EV-ADAM-070 | EV-ADAM-071 | EV-ADAM-080 | EV-ADAM-081 | EV-ADAM-082 | EV-ADAM-090 | EV-ADAM-091 | EV-ADAM-099,RQ-ADAM-015 | RQ-ADAM-016 | RQ-ADAM-025 | RQ-ADAM-026 | RQ-ADAM-027 | RQ-ADAM-028 | RQ-ADAM-029 | RQ-ADAM-030 | RQ-ADAM-032,,0.99,EVE_CREATION_RESIDENCE_AND_TREE_PROHIBITION,,FULL_ISNAD_PARSE_AND_CHAIN_RESEARCH | EXACT_PASSAGE_BOUNDARY_REQUIRED,يضم الانتقال من تعليم الأسماء إلى خلق الزوج وإسكانهما الجنة والنهي عن الشجرة. تنتهي المادة المعتمدة قبل بداية الإزلال والوسوسة.
56de7698f54437ea417ef297,SRC-TAFSIR-TABARI-ADAM,7798,EXCLUDE,LATER_STORY_ARC,OUT_OF_SCOPE,,,,1.0,WHISPERING_DESCENT_AND_POST_BOUNDARY,WAHB_IBN_MUNABBIH,HADITH_GRADING_REQUIRED | FULL_ISNAD_PARSE_AND_CHAIN_RESEARCH | EARLY_REPORT_OR_ISRAILIYYAT_CLASSIFICATION_REQUIRED,المادة تبدأ عمليًا بالإزلال والوسوسة والخروج والهبوط، وهي بعد النقطة المعتمدة لنهاية الحلقة. تحفظ للحلقة التالية.
69606a01829c587de9b3a1ae,SRC-TAFSIR-TABARI-ADAM,7798,INCLUDE,IN_SCOPE,CREATION_MATERIAL,,,DUP-CREATION_MATERIAL-008,0.92,DIRECT_EPISODE_RESEARCH_VALUE,,HADITH_GRADING_REQUIRED | FULL_ISNAD_PARSE_AND_CHAIN_RESEARCH,تتضمن النافذة مادة مباشرة تخدم سؤالًا أو حدثًا داخل نطاق الحلقة. الإدراج هنا للبحث والتحقق فقط، وليس اعتمادًا للمتن أو الحكم على الرواية.
77c665c37c70ab8fdc300f09,SRC-TAFSIR-TABARI-ADAM,7798,INCLUDE,IN_SCOPE,KNOWLEDGE,EV-ADAM-040 | EV-ADAM-041 | EV-ADAM-042 | EV-ADAM-050 | EV-ADAM-051 | EV-ADAM-052 | EV-ADAM-053 | EV-ADAM-054 | EV-ADAM-055,RQ-ADAM-015 | RQ-ADAM-016 | RQ-ADAM-017 | RQ-ADAM-018 | RQ-ADAM-019 | RQ-ADAM-020,,0.99,KNOWLEDGE_DISCLOSURE_AND_PROSTRATION,,FULL_ISNAD_PARSE_AND_CHAIN_RESEARCH,يفسر ما أبدته الملائكة وما كتمه إبليس، ثم أمر السجود وامتناعه؛ داخل صلب التكريم بالعلم والسجود.
c5e813e1eea4ca77eeda2fc3,SRC-TAFSIR-TABARI-ADAM,7798,INCLUDE,IN_SCOPE,CREATION_MATERIAL,,,DUP-CREATION_MATERIAL-008,0.92,DIRECT_EPISODE_RESEARCH_VALUE,,FULL_ISNAD_PARSE_AND_CHAIN_RESEARCH,تتضمن النافذة مادة مباشرة تخدم سؤالًا أو حدثًا داخل نطاق الحلقة. الإدراج هنا للبحث والتحقق فقط، وليس اعتمادًا للمتن أو الحكم على الرواية.
b9cdee4a9fc424c4ecccbc4c,SRC-TAFSIR-TABARI-ADAM,7798,INCLUDE,IN_SCOPE,COVENANT,EV-ADAM-060 | EV-ADAM-061,RQ-ADAM-021 | RQ-ADAM-022 | RQ-ADAM-023 | RQ-ADAM-024,,0.99,COVENANT_AND_PROGENY_EXTRACTION_CORPUS,,HADITH_GRADING_REQUIRED | FULL_ISNAD_PARSE_AND_CHAIN_RESEARCH,نافذة رئيسية لميثاق بني آدم واستخراج الذرية، وفيها مرفوعات وموقوفات وطرق متعددة. يلزم تحليل الأسانيد وتحديد العلاقة بين الميثاق والمسح والاستخراج قبل إدراج أي صياغة.
1ca47360c50ffbf84c33ed01,SRC-TAFSIR-TABARI-ADAM,7798,INCLUDE,IN_SCOPE,CREATION_MATERIAL,,,DUP-CREATION_MATERIAL-008,0.92,DIRECT_EPISODE_RESEARCH_VALUE,,FULL_ISNAD_PARSE_AND_CHAIN_RESEARCH,تتضمن النافذة مادة مباشرة تخدم سؤالًا أو حدثًا داخل نطاق الحلقة. الإدراج هنا للبحث والتحقق فقط، وليس اعتمادًا للمتن أو الحكم على الرواية.
157dfa2875c5eef0d63593e7,SRC-TAFSIR-TABARI-ADAM,7798,INCLUDE,IN_SCOPE,CREATION_MATERIAL,,,DUP-CREATION_MATERIAL-008,0.92,DIRECT_EPISODE_RESEARCH_VALUE,WAHB_IBN_MUNABBIH,FULL_ISNAD_PARSE_AND_CHAIN_RESEARCH | ISRAILIYYAT_OR_EARLY_REPORT_CLASSIFICATION_REQUIRED,تتضمن النافذة مادة مباشرة تخدم سؤالًا أو حدثًا داخل نطاق الحلقة. الإدراج هنا للبحث والتحقق فقط، وليس اعتمادًا للمتن أو الحكم على الرواية.
c990e5f9c5fe845870c10155,SRC-TAFSIR-TABARI-ADAM,7798,INCLUDE,IN_SCOPE,CREATION_MATERIAL,,,DUP-CREATION_MATERIAL-008,0.92,DIRECT_EPISODE_RESEARCH_VALUE,,HADITH_GRADING_REQUIRED | FULL_ISNAD_PARSE_AND_CHAIN_RESEARCH,تتضمن النافذة مادة مباشرة تخدم سؤالًا أو حدثًا داخل نطاق الحلقة. الإدراج هنا للبحث والتحقق فقط، وليس اعتمادًا للمتن أو الحكم على الرواية.
d730343f435859bdfb3c00a6,SRC-TAFSIR-TABARI-ADAM,7798,EXCLUDE,LATER_STORY_ARC,OUT_OF_SCOPE,,,,1.0,POST_DESCENT_PREGNANCY_AND_ABD_AL_HARITH,,HADITH_GRADING_REQUIRED | FULL_ISNAD_PARSE_AND_CHAIN_RESEARCH,المادة في الحمل بعد الهبوط وتسمية عبد الحارث، وهي خارج نطاق الحلقة وتحتاج معالجة مستقلة للروايات الإسرائيلية والضعيفة.
7b0ef97e83f84e937b247d40,SRC-TAFSIR-TABARI-ADAM,7798,INCLUDE,IN_SCOPE,CREATION_MATERIAL,,,DUP-CREATION_MATERIAL-008,0.92,DIRECT_EPISODE_RESEARCH_VALUE,,FULL_ISNAD_PARSE_AND_CHAIN_RESEARCH,تتضمن النافذة مادة مباشرة تخدم سؤالًا أو حدثًا داخل نطاق الحلقة. الإدراج هنا للبحث والتحقق فقط، وليس اعتمادًا للمتن أو الحكم على الرواية.
09867b6b744700570dd04bf7,SRC-TAFSIR-TABARI-ADAM,7798,INCLUDE,IN_SCOPE,CREATION_MATERIAL,,,DUP-CREATION_MATERIAL-008,0.92,DIRECT_EPISODE_RESEARCH_VALUE,,FULL_ISNAD_PARSE_AND_CHAIN_RESEARCH,تتضمن النافذة مادة مباشرة تخدم سؤالًا أو حدثًا داخل نطاق الحلقة. الإدراج هنا للبحث والتحقق فقط، وليس اعتمادًا للمتن أو الحكم على الرواية.
484a22912f6d138342fdbbf0,SRC-TAFSIR-TABARI-ADAM,7798,INCLUDE,MIXED,PROSTRATION_AND_IBLIS,EV-ADAM-050 | EV-ADAM-051 | EV-ADAM-052 | EV-ADAM-053 | EV-ADAM-054 | EV-ADAM-055 | EV-ADAM-080 | EV-ADAM-081 | EV-ADAM-082 | EV-ADAM-090 | EV-ADAM-091 | EV-ADAM-099,RQ-ADAM-017 | RQ-ADAM-018 | RQ-ADAM-019 | RQ-ADAM-020 | RQ-ADAM-028 | RQ-ADAM-029 | RQ-ADAM-030 | RQ-ADAM-032,,0.99,TAHA_WARNING_PARADISE_QUALITIES_AND_BOUNDARY,,FULL_ISNAD_PARSE_AND_CHAIN_RESEARCH | EXACT_PASSAGE_BOUNDARY_REQUIRED,يضم العهد السابق وأمر السجود والتحذير من إبليس وخصائص السكن في الجنة: عدم الجوع والعري والعطش والضحى، ثم ينتقل إلى الوسوسة والهبوط؛ يعتمد ما قبل الوسوسة فقط.
e3bfa57f820206715ad6e9be,SRC-TAFSIR-TABARI-ADAM,7798,INCLUDE,IN_SCOPE,CREATION_MATERIAL,,,DUP-CREATION_MATERIAL-008,0.92,DIRECT_EPISODE_RESEARCH_VALUE,,FULL_ISNAD_PARSE_AND_CHAIN_RESEARCH,تتضمن النافذة مادة مباشرة تخدم سؤالًا أو حدثًا داخل نطاق الحلقة. الإدراج هنا للبحث والتحقق فقط، وليس اعتمادًا للمتن أو الحكم على الرواية.
2127ebd7b399733a041d7f6c,SRC-TAFSIR-TABARI-ADAM,7798,INCLUDE,IN_SCOPE,PROSTRATION_AND_IBLIS,,,,0.92,DIRECT_EPISODE_RESEARCH_VALUE,,FULL_ISNAD_PARSE_AND_CHAIN_RESEARCH,تتضمن النافذة مادة مباشرة تخدم سؤالًا أو حدثًا داخل نطاق الحلقة. الإدراج هنا للبحث والتحقق فقط، وليس اعتمادًا للمتن أو الحكم على الرواية.
